Workbook
Name LME: PainelDeVariaveis!$K$3
Name VME: PainelDeVariaveis!$K$4

Sheet Catalogo de Variaveis
F1: Média | G1: =AVERAGE(G14:G34) -> 0.57142857 | H1: =AVERAGE(H14:H34) -> 12.857143 | I1: =AVERAGE(I14:I34) -> 0.38095238 | J1: =AVERAGE(J14:J34) -> 12.857143 | M1: =AVERAGE(M14:M34) -> 9.3809524 | N1: =AVERAGE(N14:N34) -> 10.619048 | O1: =AVERAGE(O14:O34) -> 1.2380952 | P1: =AVERAGE(P14:P34) -> 10.619048
F2: Desvio Padrão | G2: =_xlfn.STDEV.S(G14:G34) -> 0.74642003 | H2: =_xlfn.STDEV.S(H14:H34) -> 3.8116363 | I2: =_xlfn.STDEV.S(I14:I34) -> 0.58959227 | J2: =_xlfn.STDEV.S(J14:J34) -> 3.8116363 | M2: =_xlfn.STDEV.S(M14:M34) -> 18.42139 | N2: =_xlfn.STDEV.S(N14:N34) -> 20.912858 | O2: =_xlfn.STDEV.S(O14:O34) -> 3.374978 | P2: =_xlfn.STDEV.S(P14:P34) -> 20.912858
F3: Máximo | G3: =MAX(G14:G34) -> 2 | H3: =MAX(H14:H34) -> 20 | I3: =MAX(I14:I34) -> 2 | J3: =MAX(J14:J34) -> 20 | M3: =MAX(M14:M34) -> 55 | N3: =MAX(N14:N34) -> 65 | O3: =MAX(O14:O34) -> 12 | P3: =MAX(P14:P34) -> 65
F4: Mínimo | G4: =MIN(G14:G34) -> 0 | H4: =MIN(H14:H34) -> 6 | I4: =MIN(I14:I34) -> 0 | J4: =MIN(J14:J34) -> 6 | M4: =MIN(M14:M34) -> 0 | N4: =MIN(N14:N34) -> 0 | O4: =MIN(O14:O34) -> 0 | P4: =MIN(P14:P34) -> 0
A5: Ano | B5: Bim | C5: Trim | D5: Quad | E5: Sem | F5: PERIODO | G5: V01 | H5: V02 | I5: V03 | J5: V04 | K5: V05 | L5: V06 | M5: V07 | N5: V08 | O5: V09 | P5: V10 | Q5: V11 | R5: V12 | S5: V13 | T5: V14 | U5: V15
F6: 44562
F7: 44593
F8: 44621
F9: 44652
F10: 44682
F11: 44713
F12: 44743
F13: 44774
A14: =YEAR(F14) -> 2022 | B14: =ROUNDUP(MONTH(F14)/2,0) -> 5 | C14: =ROUNDUP(MONTH(F14)/3,0) -> 3 | D14: =ROUNDUP(MONTH(F14)/4,0) -> 3 | E14: =ROUNDUP(MONTH(F14)/6,0) -> 2 | F14: 44805 | G14: 1 | H14: 16 | I14: 0 | J14: 16 | K14: 0 | L14: 0 | M14: 0 | N14: 0 | O14: 0 | P14: 0 | Q14: 0 | R14: 0 | S14: 6 | T14: 6 | U14: 6
A15: =YEAR(F15) -> 2022 | B15: =ROUNDUP(MONTH(F15)/2,0) -> 5 | C15: =ROUNDUP(MONTH(F15)/3,0) -> 4 | D15: =ROUNDUP(MONTH(F15)/4,0) -> 3 | E15: =ROUNDUP(MONTH(F15)/6,0) -> 2 | F15: 44835 | G15: 0 | H15: 13 | I15: 1 | J15: 13 | K15: 0 | L15: 0 | M15: 0 | N15: 0 | O15: 0 | P15: 0 | Q15: 1 | R15: 0 | S15: 4 | T15: 4 | U15: 4
A16: =YEAR(F16) -> 2022 | B16: =ROUNDUP(MONTH(F16)/2,0) -> 6 | C16: =ROUNDUP(MONTH(F16)/3,0) -> 4 | D16: =ROUNDUP(MONTH(F16)/4,0) -> 3 | E16: =ROUNDUP(MONTH(F16)/6,0) -> 2 | F16: 44866 | G16: 0 | H16: 9 | I16: 0 | J16: 9 | K16: 0 | L16: 0 | M16: 0 | N16: 0 | O16: 0 | P16: 0 | Q16: 0 | R16: 0 | S16: 8 | T16: 8 | U16: 8
A17: =YEAR(F17) -> 2022 | B17: =ROUNDUP(MONTH(F17)/2,0) -> 6 | C17: =ROUNDUP(MONTH(F17)/3,0) -> 4 | D17: =ROUNDUP(MONTH(F17)/4,0) -> 3 | E17: =ROUNDUP(MONTH(F17)/6,0) -> 2 | F17: 44896 | G17: 0 | H17: 7 | I17: 1 | J17: 7 | K17: 0 | L17: 0 | M17: 0 | N17: 0 | O17: 0 | P17: 0 | Q17: 0 | R17: 1 | S17: 2 | T17: 2 | U17: 2
A18: =YEAR(F18) -> 2023 | B18: =ROUNDUP(MONTH(F18)/2,0) -> 1 | C18: =ROUNDUP(MONTH(F18)/3,0) -> 1 | D18: =ROUNDUP(MONTH(F18)/4,0) -> 1 | E18: =ROUNDUP(MONTH(F18)/6,0) -> 1 | F18: 44927 | G18: 0 | H18: 6 | I18: 0 | J18: 6 | K18: 0 | L18: 0 | M18: 0 | N18: 0 | O18: 0 | P18: 0 | Q18: 0 | R18: 0 | S18: 2 | T18: 2 | U18: 2
A19: =YEAR(F19) -> 2023 | B19: =ROUNDUP(MONTH(F19)/2,0) -> 1 | C19: =ROUNDUP(MONTH(F19)/3,0) -> 1 | D19: =ROUNDUP(MONTH(F19)/4,0) -> 1 | E19: =ROUNDUP(MONTH(F19)/6,0) -> 1 | F19: 44958 | G19: 2 | H19: 14 | I19: 0 | J19: 14 | K19: 0 | L19: 0 | M19: 0 | N19: 0 | O19: 0 | P19: 0 | Q19: 0 | R19: 0 | S19: 2 | T19: 2 | U19: 2
A20: =YEAR(F20) -> 2023 | B20: =ROUNDUP(MONTH(F20)/2,0) -> 2 | C20: =ROUNDUP(MONTH(F20)/3,0) -> 1 | D20: =ROUNDUP(MONTH(F20)/4,0) -> 1 | E20: =ROUNDUP(MONTH(F20)/6,0) -> 1 | F20: 44986 | G20: 0 | H20: 11 | I20: 0 | J20: 11 | K20: 0 | L20: 0 | M20: 30 | N20: 42 | O20: 12 | P20: 42 | Q20: 0 | R20: 0 | S20: 8 | T20: 8 | U20: 8
A21: =YEAR(F21) -> 2023 | B21: =ROUNDUP(MONTH(F21)/2,0) -> 2 | C21: =ROUNDUP(MONTH(F21)/3,0) -> 2 | D21: =ROUNDUP(MONTH(F21)/4,0) -> 1 | E21: =ROUNDUP(MONTH(F21)/6,0) -> 1 | F21: 45017 | G21: 0 | H21: 12 | I21: 0 | J21: 12 | K21: 0 | L21: 0 | M21: 50 | N21: 54 | O21: 4 | P21: 54 | Q21: 1 | R21: 0 | S21: 4 | T21: 4 | U21: 4
A22: =YEAR(F22) -> 2023 | B22: =ROUNDUP(MONTH(F22)/2,0) -> 3 | C22: =ROUNDUP(MONTH(F22)/3,0) -> 2 | D22: =ROUNDUP(MONTH(F22)/4,0) -> 2 | E22: =ROUNDUP(MONTH(F22)/6,0) -> 1 | F22: 45047 | G22: 0 | H22: 15 | I22: 0 | J22: 15 | K22: 0 | L22: 0 | M22: 0 | N22: 0 | O22: 0 | P22: 0 | Q22: 0 | R22: 0 | S22: 4 | T22: 4 | U22: 4
A23: =YEAR(F23) -> 2023 | B23: =ROUNDUP(MONTH(F23)/2,0) -> 3 | C23: =ROUNDUP(MONTH(F23)/3,0) -> 2 | D23: =ROUNDUP(MONTH(F23)/4,0) -> 2 | E23: =ROUNDUP(MONTH(F23)/6,0) -> 1 | F23: 45078 | G23: 1 | H23: 9 | I23: 2 | J23: 9 | K23: 0 | L23: 0 | M23: 43 | N23: 43 | O23: 0 | P23: 43 | Q23: 0 | R23: 0 | S23: 7 | T23: 7 | U23: 7
A24: =YEAR(F24) -> 2023 | B24: =ROUNDUP(MONTH(F24)/2,0) -> 4 | C24: =ROUNDUP(MONTH(F24)/3,0) -> 3 | D24: =ROUNDUP(MONTH(F24)/4,0) -> 2 | E24: =ROUNDUP(MONTH(F24)/6,0) -> 2 | F24: 45108 | G24: 2 | H24: 16 | I24: 1 | J24: 16 | K24: 0 | L24: 0 | M24: 0 | N24: 0 | O24: 0 | P24: 0 | Q24: 0 | R24: 0 | S24: 5 | T24: 5 | U24: 5
A25: =YEAR(F25) -> 2023 | B25: =ROUNDUP(MONTH(F25)/2,0) -> 4 | C25: =ROUNDUP(MONTH(F25)/3,0) -> 3 | D25: =ROUNDUP(MONTH(F25)/4,0) -> 2 | E25: =ROUNDUP(MONTH(F25)/6,0) -> 2 | F25: 45139 | G25: 2 | H25: 14 | I25: 0 | J25: 14 | K25: 0 | L25: 0 | M25: 55 | N25: 65 | O25: 10 | P25: 65 | Q25: 0 | R25: 0 | S25: 6 | T25: 6 | U25: 6
... A51: =YEAR(F51) -> 2025 | B51: =ROUNDUP(MONTH(F51)/2,0) -> 5 | C51: =ROUNDUP(MONTH(F51)/3,0) -> 4 | D51: =ROUNDUP(MONTH(F51)/4,0) -> 3 | E51: =ROUNDUP(MONTH(F51)/6,0) -> 2 | F51: 45931 | G51: 0 | H51: 14 | I51: 2 | J51: 14 | K51: 10 | L51: 9 | M51: 41 | N51: 47 | O51: 6 | P51: 47 | Q51: 2 | R51: 0 | S51: 0 | T51: 0 | U51: 0
A52: =YEAR(F52) -> 2025 | B52: =ROUNDUP(MONTH(F52)/2,0) -> 6 | C52: =ROUNDUP(MONTH(F52)/3,0) -> 4 | D52: =ROUNDUP(MONTH(F52)/4,0) -> 3 | E52: =ROUNDUP(MONTH(F52)/6,0) -> 2 | F52: 45962
A53: =YEAR(F53) -> 2025 | B53: =ROUNDUP(MONTH(F53)/2,0) -> 6 | C53: =ROUNDUP(MONTH(F53)/3,0) -> 4 | D53: =ROUNDUP(MONTH(F53)/4,0) -> 3 | E53: =ROUNDUP(MONTH(F53)/6,0) -> 2 | F53: 45992
A54: =YEAR(F54) -> 2026 | B54: =ROUNDUP(MONTH(F54)/2,0) -> 1 | C54: =ROUNDUP(MONTH(F54)/3,0) -> 1 | D54: =ROUNDUP(MONTH(F54)/4,0) -> 1 | E54: =ROUNDUP(MONTH(F54)/6,0) -> 1 | F54: 46023
A55: =YEAR(F55) -> 2026 | B55: =ROUNDUP(MONTH(F55)/2,0) -> 1 | C55: =ROUNDUP(MONTH(F55)/3,0) -> 1 | D55: =ROUNDUP(MONTH(F55)/4,0) -> 1 | E55: =ROUNDUP(MONTH(F55)/6,0) -> 1 | F55: 46054
A56: =YEAR(F56) -> 2026 | B56: =ROUNDUP(MONTH(F56)/2,0) -> 2 | C56: =ROUNDUP(MONTH(F56)/3,0) -> 1 | D56: =ROUNDUP(MONTH(F56)/4,0) -> 1 | E56: =ROUNDUP(MONTH(F56)/6,0) -> 1 | F56: 46082
A57: =YEAR(F57) -> 2026 | B57: =ROUNDUP(MONTH(F57)/2,0) -> 2 | C57: =ROUNDUP(MONTH(F57)/3,0) -> 2 | D57: =ROUNDUP(MONTH(F57)/4,0) -> 1 | E57: =ROUNDUP(MONTH(F57)/6,0) -> 1 | F57: 46113
A58: =YEAR(F58) -> 2026 | B58: =ROUNDUP(MONTH(F58)/2,0) -> 3 | C58: =ROUNDUP(MONTH(F58)/3,0) -> 2 | D58: =ROUNDUP(MONTH(F58)/4,0) -> 2 | E58: =ROUNDUP(MONTH(F58)/6,0) -> 1 | F58: 46143
A59: =YEAR(F59) -> 2026 | B59: =ROUNDUP(MONTH(F59)/2,0) -> 3 | C59: =ROUNDUP(MONTH(F59)/3,0) -> 2 | D59: =ROUNDUP(MONTH(F59)/4,0) -> 2 | E59: =ROUNDUP(MONTH(F59)/6,0) -> 1 | F59: 46174
A60: =YEAR(F60) -> 2026 | B60: =ROUNDUP(MONTH(F60)/2,0) -> 4 | C60: =ROUNDUP(MONTH(F60)/3,0) -> 3 | D60: =ROUNDUP(MONTH(F60)/4,0) -> 2 | E60: =ROUNDUP(MONTH(F60)/6,0) -> 2 | F60: 46204
A61: =YEAR(F61) -> 2026 | B61: =ROUNDUP(MONTH(F61)/2,0) -> 4 | C61: =ROUNDUP(MONTH(F61)/3,0) -> 3 | D61: =ROUNDUP(MONTH(F61)/4,0) -> 2 | E61: =ROUNDUP(MONTH(F61)/6,0) -> 2 | F61: 46235
A62: =YEAR(F62) -> 2026 | B62: =ROUNDUP(MONTH(F62)/2,0) -> 5 | C62: =ROUNDUP(MONTH(F62)/3,0) -> 3 | D62: =ROUNDUP(MONTH(F62)/4,0) -> 3 | E62: =ROUNDUP(MONTH(F62)/6,0) -> 2 | F62: 46266
A63: =YEAR(F63) -> 2026 | B63: =ROUNDUP(MONTH(F63)/2,0) -> 5 | C63: =ROUNDUP(MONTH(F63)/3,0) -> 4 | D63: =ROUNDUP(MONTH(F63)/4,0) -> 3 | E63: =ROUNDUP(MONTH(F63)/6,0) -> 2 | F63: 46296
... A65: =YEAR(F65) -> 2026 | B65: =ROUNDUP(MONTH(F65)/2,0) -> 6 | C65: =ROUNDUP(MONTH(F65)/3,0) -> 4 | D65: =ROUNDUP(MONTH(F65)/4,0) -> 3 | E65: =ROUNDUP(MONTH(F65)/6,0) -> 2 | F65: 46357

Sheet V01
A1: Média | B1: =AVERAGE(B9:B1048576) -> 3.9210526 | C1: =AVERAGE(C9:C1048576) -> 0.046052632 | I1: LME | J1: =IF(LME="","",LME)
A2: Desvio Padrão | B2: =_xlfn.STDEV.S(B9:B1048576) -> 2.4646866 | C2: =_xlfn.STDEV.S(C9:C1048576) -> 0.34804116 | I2: VME | J2: =IF(VME="","",VME/3)
A3: Máximo | B3: =MAX(B9:B1048576) -> 9 | C3: =MAX(C9:C1048576) -> 0.75
A4: Mínimo | B4: =MIN(B9:B1048576) -> 0 | C4: =MIN(C9:C1048576) -> -0.75
A5: V01 - NÚMERO DE DENÚNCIAS DE ASSÉDIO MORAL APURADAS NO PERÍODO RECEBIDAS PELOS DIVERSOS CANAIS DE DENÚNCIAS DA COMPANHIA
A7: DADOS | D7: SOMA | K7: AMPLITUDE
A8: Período | B8: Soma | C8: Amplitude | D8: LIC | E8: L2I | F8: L1I | G8: LMC | H8: L1S | I8: L2S | J8: LSC | K8: LIC | L8: L2I | M8: L1I | N8: LMC | O8: L1S | P8: L2S | Q8: LSC
A9: 44805 | B9: =IF('Catalogo de Variaveis'!G14="","",SUM('Catalogo de Variaveis'!G11:G14)) -> 1 | C9: =IFERROR(IF($B9="","",AVERAGE('Catalogo de Variaveis'!G14-'Catalogo de Variaveis'!G13,'Catalogo de Variaveis'!G13-'Catalogo de Variaveis'!G12,'Catalogo de Variaveis'!G12-'Catalogo de Variaveis'!G11,'Catalogo de Variaveis'!G11-'Catalogo de Variaveis'!G10)),0) -> 0.25 | D9: =IF($B9="","",IF(OR($J$1="",$J$2=""),$B$1-3*$B$2,$J$1-3*$J$2)) -> -3.4730071 | E9: =IF($B9="","",IF(OR($J$1="",$J$2=""),$B$1-2*$B$2,$J$1-2*$J$2)) -> -1.0083205 | F9: =IF($B9="","",IF(OR($J$1="",$J$2=""),$B$1-$B$2,$J$1-$J$2)) -> 1.4563661 | G9: =IF($B9="","",IF(OR($J$1="",$J$2=""),$B$1,$J$1)) -> 3.9210526 | H9: =IF($B9="","",IF(OR($J$1="",$J$2=""),$B$1+$B$2,$J$1+$J$2)) -> 6.3857392 | I9: =IF($B9="","",IF(OR($J$1="",$J$2=""),$B$1+2*$B$2,$J$1+2*$J$2)) -> 8.8504258 | J9: =IF($B9="","",IF(OR($J$1="",$J$2=""),$B$1+3*$B$2,$J$1+3*$J$2)) -> 11.315112 | K9: =IF($B9="","",$C$1-3*$C$2) -> -0.99807083 | L9: =IF($B9="","",$C$1-2*$C$2) -> -0.65002968 | M9: =IF($B9="","",$C$1-$C$2) -> -0.30198852 | N9: =IF($B9="","",$C$1) -> 0.046052632 | O9: =IF($B9="","",$C$1+1*$C$2) -> 0.39409379 | P9: =IF($B9="","",$C$1+2*$C$2) -> 0.74213494 | Q9: =IF($B9="","",$C$1+3*$C$2) -> 1.0901761
A10: 44835 | B10: =IF('Catalogo de Variaveis'!G15="","",SUM('Catalogo de Variaveis'!G12:G15)) -> 1 | C10: =IFERROR(IF($B10="","",AVERAGE('Catalogo de Variaveis'!G15-'Catalogo de Variaveis'!G14,'Catalogo de Variaveis'!G14-'Catalogo de Variaveis'!G13,'Catalogo de Variaveis'!G13-'Catalogo de Variaveis'!G12,'Catalogo de Variaveis'!G12-'Catalogo de Variaveis'!G11)),0) -> 0 | D10: =IF($B10="","",IF(OR($J$1="",$J$2=""),$B$1-3*$B$2,$J$1-3*$J$2)) -> -3.4730071 | E10: =IF($B10="","",IF(OR($J$1="",$J$2=""),$B$1-2*$B$2,$J$1-2*$J$2)) -> -1.0083205 | F10: =IF($B10="","",IF(OR($J$1="",$J$2=""),$B$1-$B$2,$J$1-$J$2)) -> 1.4563661 | G10: =IF($B10="","",IF(OR($J$1="",$J$2=""),$B$1,$J$1)) -> 3.9210526 | H10: =IF($B10="","",IF(OR($J$1="",$J$2=""),$B$1+$B$2,$J$1+$J$2)) -> 6.3857392 | I10: =IF($B10="","",IF(OR($J$1="",$J$2=""),$B$1+2*$B$2,$J$1+2*$J$2)) -> 8.8504258 | J10: =IF($B10="","",IF(OR($J$1="",$J$2=""),$B$1+3*$B$2,$J$1+3*$J$2)) -> 11.315112 | K10: =IF($B10="","",$C$1-3*$C$2) -> -0.99807083 | L10: =IF($B10="","",$C$1-2*$C$2) -> -0.65002968 | M10: =IF($B10="","",$C$1-$C$2) -> -0.30198852 | N10: =IF($B10="","",$C$1) -> 0.046052632 | O10: =IF($B10="","",$C$1+1*$C$2) -> 0.39409379 | P10: =IF($B10="","",$C$1+2*$C$2) -> 0.74213494 | Q10: =IF($B10="","",$C$1+3*$C$2) -> 1.0901761
A11: 44866 | B11: =IF('Catalogo de Variaveis'!G16="","",SUM('Catalogo de Variaveis'!G13:G16)) -> 1 | C11: =IFERROR(IF($B11="","",AVERAGE('Catalogo de Variaveis'!G16-'Catalogo de Variaveis'!G15,'Catalogo de Variaveis'!G15-'Catalogo de Variaveis'!G14,'Catalogo de Variaveis'!G14-'Catalogo de Variaveis'!G13,'Catalogo de Variaveis'!G13-'Catalogo de Variaveis'!G12)),0) -> 0 | D11: =IF($B11="","",IF(OR($J$1="",$J$2=""),$B$1-3*$B$2,$J$1-3*$J$2)) -> -3.4730071 | E11: =IF($B11="","",IF(OR($J$1="",$J$2=""),$B$1-2*$B$2,$J$1-2*$J$2)) -> -1.0083205 | F11: =IF($B11="","",IF(OR($J$1="",$J$2=""),$B$1-$B$2,$J$1-$J$2)) -> 1.4563661 | G11: =IF($B11="","",IF(OR($J$1="",$J$2=""),$B$1,$J$1)) -> 3.9210526 | H11: =IF($B11="","",IF(OR($J$1="",$J$2=""),$B$1+$B$2,$J$1+$J$2)) -> 6.3857392 | I11: =IF($B11="","",IF(OR($J$1="",$J$2=""),$B$1+2*$B$2,$J$1+2*$J$2)) -> 8.8504258 | J11: =IF($B11="","",IF(OR($J$1="",$J$2=""),$B$1+3*$B$2,$J$1+3*$J$2)) -> 11.315112 | K11: =IF($B11="","",$C$1-3*$C$2) -> -0.99807083 | L11: =IF($B11="","",$C$1-2*$C$2) -> -0.65002968 | M11: =IF($B11="","",$C$1-$C$2) -> -0.30198852 | N11: =IF($B11="","",$C$1) -> 0.046052632 | O11: =IF($B11="","",$C$1+1*$C$2) -> 0.39409379 | P11: =IF($B11="","",$C$1+2*$C$2) -> 0.74213494 | Q11: =IF($B11="","",$C$1+3*$C$2) -> 1.0901761
A12: 44896 | B12: =IF('Catalogo de Variaveis'!G17="","",SUM('Catalogo de Variaveis'!G14:G17)) -> 1 | C12: =IFERROR(IF($B12="","",AVERAGE('Catalogo de Variaveis'!G17-'Catalogo de Variaveis'!G16,'Catalogo de Variaveis'!G16-'Catalogo de Variaveis'!G15,'Catalogo de Variaveis'!G15-'Catalogo de Variaveis'!G14,'Catalogo de Variaveis'!G14-'Catalogo de Variaveis'!G13)),0) -> 0 | D12: =IF($B12="","",IF(OR($J$1="",$J$2=""),$B$1-3*$B$2,$J$1-3*$J$2)) -> -3.4730071 | E12: =IF($B12="","",IF(OR($J$1="",$J$2=""),$B$1-2*$B$2,$J$1-2*$J$2)) -> -1.0083205 | F12: =IF($B12="","",IF(OR($J$1="",$J$2=""),$B$1-$B$2,$J$1-$J$2)) -> 1.4563661 | G12: =IF($B12="","",IF(OR($J$1="",$J$2=""),$B$1,$J$1)) -> 3.9210526 | H12: =IF($B12="","",IF(OR($J$1="",$J$2=""),$B$1+$B$2,$J$1+$J$2)) -> 6.3857392 | I12: =IF($B12="","",IF(OR($J$1="",$J$2=""),$B$1+2*$B$2,$J$1+2*$J$2)) -> 8.8504258 | J12: =IF($B12="","",IF(OR($J$1="",$J$2=""),$B$1+3*$B$2,$J$1+3*$J$2)) -> 11.315112 | K12: =IF($B12="","",$C$1-3*$C$2) -> -0.99807083 | L12: =IF($B12="","",$C$1-2*$C$2) -> -0.65002968 | M12: =IF($B12="","",$C$1-$C$2) -> -0.30198852 | N12: =IF($B12="","",$C$1) -> 0.046052632 | O12: =IF($B12="","",$C$1+1*$C$2) -> 0.39409379 | P12: =IF($B12="","",$C$1+2*$C$2) -> 0.74213494 | Q12: =IF($B12="","",$C$1+3*$C$2) -> 1.0901761
A13: 44927 | B13: =IF('Catalogo de Variaveis'!G18="","",SUM('Catalogo de Variaveis'!G15:G18)) -> 0 | C13: =IFERROR(IF($B13="","",AVERAGE('Catalogo de Variaveis'!G18-'Catalogo de Variaveis'!G17,'Catalogo de Variaveis'!G17-'Catalogo de Variaveis'!G16,'Catalogo de Variaveis'!G16-'Catalogo de Variaveis'!G15,'Catalogo de Variaveis'!G15-'Catalogo de Variaveis'!G14)),0) -> -0.25 | D13: =IF($B13="","",IF(OR($J$1="",$J$2=""),$B$1-3*$B$2,$J$1-3*$J$2)) -> -3.4730071 | E13: =IF($B13="","",IF(OR($J$1="",$J$2=""),$B$1-2*$B$2,$J$1-2*$J$2)) -> -1.0083205 | F13: =IF($B13="","",IF(OR($J$1="",$J$2=""),$B$1-$B$2,$J$1-$J$2)) -> 1.4563661 | G13: =IF($B13="","",IF(OR($J$1="",$J$2=""),$B$1,$J$1)) -> 3.9210526 | H13: =IF($B13="","",IF(OR($J$1="",$J$2=""),$B$1+$B$2,$J$1+$J$2)) -> 6.3857392 | I13: =IF($B13="","",IF(OR($J$1="",$J$2=""),$B$1+2*$B$2,$J$1+2*$J$2)) -> 8.8504258 | J13: =IF($B13="","",IF(OR($J$1="",$J$2=""),$B$1+3*$B$2,$J$1+3*$J$2)) -> 11.315112 | K13: =IF($B13="","",$C$1-3*$C$2) -> -0.99807083 | L13: =IF($B13="","",$C$1-2*$C$2) -> -0.65002968 | M13: =IF($B13="","",$C$1-$C$2) -> -0.30198852 | N13: =IF($B13="","",$C$1) -> 0.046052632 | O13: =IF($B13="","",$C$1+1*$C$2) -> 0.39409379 | P13: =IF($B13="","",$C$1+2*$C$2) -> 0.74213494 | Q13: =IF($B13="","",$C$1+3*$C$2) -> 1.0901761
A14: 44958 | B14: =IF('Catalogo de Variaveis'!G19="","",SUM('Catalogo de Variaveis'!G16:G19)) -> 2 | C14: =IFERROR(IF($B14="","",AVERAGE('Catalogo de Variaveis'!G19-'Catalogo de Variaveis'!G18,'Catalogo de Variaveis'!G18-'Catalogo de Variaveis'!G17,'Catalogo de Variaveis'!G17-'Catalogo de Variaveis'!G16,'Catalogo de Variaveis'!G16-'Catalogo de Variaveis'!G15)),0) -> 0.5 | D14: =IF($B14="","",IF(OR($J$1="",$J$2=""),$B$1-3*$B$2,$J$1-3*$J$2)) -> -3.4730071 | E14: =IF($B14="","",IF(OR($J$1="",$J$2=""),$B$1-2*$B$2,$J$1-2*$J$2)) -> -1.0083205 | F14: =IF($B14="","",IF(OR($J$1="",$J$2=""),$B$1-$B$2,$J$1-$J$2)) -> 1.4563661 | G14: =IF($B14="","",IF(OR($J$1="",$J$2=""),$B$1,$J$1)) -> 3.9210526 | H14: =IF($B14="","",IF(OR($J$1="",$J$2=""),$B$1+$B$2,$J$1+$J$2)) -> 6.3857392 | I14: =IF($B14="","",IF(OR($J$1="",$J$2=""),$B$1+2*$B$2,$J$1+2*$J$2)) -> 8.8504258 | J14: =IF($B14="","",IF(OR($J$1="",$J$2=""),$B$1+3*$B$2,$J$1+3*$J$2)) -> 11.315112 | K14: =IF($B14="","",$C$1-3*$C$2) -> -0.99807083 | L14: =IF($B14="","",$C$1-2*$C$2) -> -0.65002968 | M14: =IF($B14="","",$C$1-$C$2) -> -0.30198852 | N14: =IF($B14="","",$C$1) -> 0.046052632 | O14: =IF($B14="","",$C$1+1*$C$2) -> 0.39409379 | P14: =IF($B14="","",$C$1+2*$C$2) -> 0.74213494 | Q14: =IF($B14="","",$C$1+3*$C$2) -> 1.0901761
A15: 44986 | B15: =IF('Catalogo de Variaveis'!G20="","",SUM('Catalogo de Variaveis'!G17:G20)) -> 2 | C15: =IFERROR(IF($B15="","",AVERAGE('Catalogo de Variaveis'!G20-'Catalogo de Variaveis'!G19,'Catalogo de Variaveis'!G19-'Catalogo de Variaveis'!G18,'Catalogo de Variaveis'!G18-'Catalogo de Variaveis'!G17,'Catalogo de Variaveis'!G17-'Catalogo de Variaveis'!G16)),0) -> 0 | D15: =IF($B15="","",IF(OR($J$1="",$J$2=""),$B$1-3*$B$2,$J$1-3*$J$2)) -> -3.4730071 | E15: =IF($B15="","",IF(OR($J$1="",$J$2=""),$B$1-2*$B$2,$J$1-2*$J$2)) -> -1.0083205 | F15: =IF($B15="","",IF(OR($J$1="",$J$2=""),$B$1-$B$2,$J$1-$J$2)) -> 1.4563661 | G15: =IF($B15="","",IF(OR($J$1="",$J$2=""),$B$1,$J$1)) -> 3.9210526 | H15: =IF($B15="","",IF(OR($J$1="",$J$2=""),$B$1+$B$2,$J$1+$J$2)) -> 6.3857392 | I15: =IF($B15="","",IF(OR($J$1="",$J$2=""),$B$1+2*$B$2,$J$1+2*$J$2)) -> 8.8504258 | J15: =IF($B15="","",IF(OR($J$1="",$J$2=""),$B$1+3*$B$2,$J$1+3*$J$2)) -> 11.315112 | K15: =IF($B15="","",$C$1-3*$C$2) -> -0.99807083 | L15: =IF($B15="","",$C$1-2*$C$2) -> -0.65002968 | M15: =IF($B15="","",$C$1-$C$2) -> -0.30198852 | N15: =IF($B15="","",$C$1) -> 0.046052632 | O15: =IF($B15="","",$C$1+1*$C$2) -> 0.39409379 | P15: =IF($B15="","",$C$1+2*$C$2) -> 0.74213494 | Q15: =IF($B15="","",$C$1+3*$C$2) -> 1.0901761
A16: 45017 | B16: =IF('Catalogo de Variaveis'!G21="","",SUM('Catalogo de Variaveis'!G18:G21)) -> 2 | C16: =IFERROR(IF($B16="","",AVERAGE('Catalogo de Variaveis'!G21-'Catalogo de Variaveis'!G20,'Catalogo de Variaveis'!G20-'Catalogo de Variaveis'!G19,'Catalogo de Variaveis'!G19-'Catalogo de Variaveis'!G18,'Catalogo de Variaveis'!G18-'Catalogo de Variaveis'!G17)),0) -> 0 | D16: =IF($B16="","",IF(OR($J$1="",$J$2=""),$B$1-3*$B$2,$J$1-3*$J$2)) -> -3.4730071 | E16: =IF($B16="","",IF(OR($J$1="",$J$2=""),$B$1-2*$B$2,$J$1-2*$J$2)) -> -1.0083205 | F16: =IF($B16="","",IF(OR($J$1="",$J$2=""),$B$1-$B$2,$J$1-$J$2)) -> 1.4563661 | G16: =IF($B16="","",IF(OR($J$1="",$J$2=""),$B$1,$J$1)) -> 3.9210526 | H16: =IF($B16="","",IF(OR($J$1="",$J$2=""),$B$1+$B$2,$J$1+$J$2)) -> 6.3857392 | I16: =IF($B16="","",IF(OR($J$1="",$J$2=""),$B$1+2*$B$2,$J$1+2*$J$2)) -> 8.8504258 | J16: =IF($B16="","",IF(OR($J$1="",$J$2=""),$B$1+3*$B$2,$J$1+3*$J$2)) -> 11.315112 | K16: =IF($B16="","",$C$1-3*$C$2) -> -0.99807083 | L16: =IF($B16="","",$C$1-2*$C$2) -> -0.65002968 | M16: =IF($B16="","",$C$1-$C$2) -> -0.30198852 | N16: =IF($B16="","",$C$1) -> 0.046052632 | O16: =IF($B16="","",$C$1+1*$C$2) -> 0.39409379 | P16: =IF($B16="","",$C$1+2*$C$2) -> 0.74213494 | Q16: =IF($B16="","",$C$1+3*$C$2) -> 1.0901761
A17: 45047 | B17: =IF('Catalogo de Variaveis'!G22="","",SUM('Catalogo de Variaveis'!G19:G22)) -> 2 | C17: =IFERROR(IF($B17="","",AVERAGE('Catalogo de Variaveis'!G22-'Catalogo de Variaveis'!G21,'Catalogo de Variaveis'!G21-'Catalogo de Variaveis'!G20,'Catalogo de Variaveis'!G20-'Catalogo de Variaveis'!G19,'Catalogo de Variaveis'!G19-'Catalogo de Variaveis'!G18)),0) -> 0 | D17: =IF($B17="","",IF(OR($J$1="",$J$2=""),$B$1-3*$B$2,$J$1-3*$J$2)) -> -3.4730071 | E17: =IF($B17="","",IF(OR($J$1="",$J$2=""),$B$1-2*$B$2,$J$1-2*$J$2)) -> -1.0083205 | F17: =IF($B17="","",IF(OR($J$1="",$J$2=""),$B$1-$B$2,$J$1-$J$2)) -> 1.4563661 | G17: =IF($B17="","",IF(OR($J$1="",$J$2=""),$B$1,$J$1)) -> 3.9210526 | H17: =IF($B17="","",IF(OR($J$1="",$J$2=""),$B$1+$B$2,$J$1+$J$2)) -> 6.3857392 | I17: =IF($B17="","",IF(OR($J$1="",$J$2=""),$B$1+2*$B$2,$J$1+2*$J$2)) -> 8.8504258 | J17: =IF($B17="","",IF(OR($J$1="",$J$2=""),$B$1+3*$B$2,$J$1+3*$J$2)) -> 11.315112 | K17: =IF($B17="","",$C$1-3*$C$2) -> -0.99807083 | L17: =IF($B17="","",$C$1-2*$C$2) -> -0.65002968 | M17: =IF($B17="","",$C$1-$C$2) -> -0.30198852 | N17: =IF($B17="","",$C$1) -> 0.046052632 | O17: =IF($B17="","",$C$1+1*$C$2) -> 0.39409379 | P17: =IF($B17="","",$C$1+2*$C$2) -> 0.74213494 | Q17: =IF($B17="","",$C$1+3*$C$2) -> 1.0901761
A18: 45078 | B18: =IF('Catalogo de Variaveis'!G23="","",SUM('Catalogo de Variaveis'!G20:G23)) -> 1 | C18: =IFERROR(IF($B18="","",AVERAGE('Catalogo de Variaveis'!G23-'Catalogo de Variaveis'!G22,'Catalogo de Variaveis'!G22-'Catalogo de Variaveis'!G21,'Catalogo de Variaveis'!G21-'Catalogo de Variaveis'!G20,'Catalogo de Variaveis'!G20-'Catalogo de Variaveis'!G19)),0) -> -0.25 | D18: =IF($B18="","",IF(OR($J$1="",$J$2=""),$B$1-3*$B$2,$J$1-3*$J$2)) -> -3.4730071 | E18: =IF($B18="","",IF(OR($J$1="",$J$2=""),$B$1-2*$B$2,$J$1-2*$J$2)) -> -1.0083205 | F18: =IF($B18="","",IF(OR($J$1="",$J$2=""),$B$1-$B$2,$J$1-$J$2)) -> 1.4563661 | G18: =IF($B18="","",IF(OR($J$1="",$J$2=""),$B$1,$J$1)) -> 3.9210526 | H18: =IF($B18="","",IF(OR($J$1="",$J$2=""),$B$1+$B$2,$J$1+$J$2)) -> 6.3857392 | I18: =IF($B18="","",IF(OR($J$1="",$J$2=""),$B$1+2*$B$2,$J$1+2*$J$2)) -> 8.8504258 | J18: =IF($B18="","",IF(OR($J$1="",$J$2=""),$B$1+3*$B$2,$J$1+3*$J$2)) -> 11.315112 | K18: =IF($B18="","",$C$1-3*$C$2) -> -0.99807083 | L18: =IF($B18="","",$C$1-2*$C$2) -> -0.65002968 | M18: =IF($B18="","",$C$1-$C$2) -> -0.30198852 | N18: =IF($B18="","",$C$1) -> 0.046052632 | O18: =IF($B18="","",$C$1+1*$C$2) -> 0.39409379 | P18: =IF($B18="","",$C$1+2*$C$2) -> 0.74213494 | Q18: =IF($B18="","",$C$1+3*$C$2) -> 1.0901761
A19: 45108 | B19: =IF('Catalogo de Variaveis'!G24="","",SUM('Catalogo de Variaveis'!G21:G24)) -> 3 | C19: =IFERROR(IF($B19="","",AVERAGE('Catalogo de Variaveis'!G24-'Catalogo de Variaveis'!G23,'Catalogo de Variaveis'!G23-'Catalogo de Variaveis'!G22,'Catalogo de Variaveis'!G22-'Catalogo de Variaveis'!G21,'Catalogo de Variaveis'!G21-'Catalogo de Variaveis'!G20)),0) -> 0.5 | D19: =IF($B19="","",IF(OR($J$1="",$J$2=""),$B$1-3*$B$2,$J$1-3*$J$2)) -> -3.4730071 | E19: =IF($B19="","",IF(OR($J$1="",$J$2=""),$B$1-2*$B$2,$J$1-2*$J$2)) -> -1.0083205 | F19: =IF($B19="","",IF(OR($J$1="",$J$2=""),$B$1-$B$2,$J$1-$J$2)) -> 1.4563661 | G19: =IF($B19="","",IF(OR($J$1="",$J$2=""),$B$1,$J$1)) -> 3.9210526 | H19: =IF($B19="","",IF(OR($J$1="",$J$2=""),$B$1+$B$2,$J$1+$J$2)) -> 6.3857392 | I19: =IF($B19="","",IF(OR($J$1="",$J$2=""),$B$1+2*$B$2,$J$1+2*$J$2)) -> 8.8504258 | J19: =IF($B19="","",IF(OR($J$1="",$J$2=""),$B$1+3*$B$2,$J$1+3*$J$2)) -> 11.315112 | K19: =IF($B19="","",$C$1-3*$C$2) -> -0.99807083 | L19: =IF($B19="","",$C$1-2*$C$2) -> -0.65002968 | M19: =IF($B19="","",$C$1-$C$2) -> -0.30198852 | N19: =IF($B19="","",$C$1) -> 0.046052632 | O19: =IF($B19="","",$C$1+1*$C$2) -> 0.39409379 | P19: =IF($B19="","",$C$1+2*$C$2) -> 0.74213494 | Q19: =IF($B19="","",$C$1+3*$C$2) -> 1.0901761
A20: 45139 | B20: =IF('Catalogo de Variaveis'!G25="","",SUM('Catalogo de Variaveis'!G22:G25)) -> 5 | C20: =IFERROR(IF($B20="","",AVERAGE('Catalogo de Variaveis'!G25-'Catalogo de Variaveis'!G24,'Catalogo de Variaveis'!G24-'Catalogo de Variaveis'!G23,'Catalogo de Variaveis'!G23-'Catalogo de Variaveis'!G22,'Catalogo de Variaveis'!G22-'Catalogo de Variaveis'!G21)),0) -> 0.5 | D20: =IF($B20="","",IF(OR($J$1="",$J$2=""),$B$1-3*$B$2,$J$1-3*$J$2)) -> -3.4730071 | E20: =IF($B20="","",IF(OR($J$1="",$J$2=""),$B$1-2*$B$2,$J$1-2*$J$2)) -> -1.0083205 | F20: =IF($B20="","",IF(OR($J$1="",$J$2=""),$B$1-$B$2,$J$1-$J$2)) -> 1.4563661 | G20: =IF($B20="","",IF(OR($J$1="",$J$2=""),$B$1,$J$1)) -> 3.9210526 | H20: =IF($B20="","",IF(OR($J$1="",$J$2=""),$B$1+$B$2,$J$1+$J$2)) -> 6.3857392 | I20: =IF($B20="","",IF(OR($J$1="",$J$2=""),$B$1+2*$B$2,$J$1+2*$J$2)) -> 8.8504258 | J20: =IF($B20="","",IF(OR($J$1="",$J$2=""),$B$1+3*$B$2,$J$1+3*$J$2)) -> 11.315112 | K20: =IF($B20="","",$C$1-3*$C$2) -> -0.99807083 | L20: =IF($B20="","",$C$1-2*$C$2) -> -0.65002968 | M20: =IF($B20="","",$C$1-$C$2) -> -0.30198852 | N20: =IF($B20="","",$C$1) -> 0.046052632 | O20: =IF($B20="","",$C$1+1*$C$2) -> 0.39409379 | P20: =IF($B20="","",$C$1+2*$C$2) -> 0.74213494 | Q20: =IF($B20="","",$C$1+3*$C$2) -> 1.0901761
... A96: 47453 | B96: =IF('Catalogo de Variaveis'!G101="","",SUM('Catalogo de Variaveis'!G98:G101)) | C96: =IFERROR(IF($B96="","",AVERAGE('Catalogo de Variaveis'!G101-'Catalogo de Variaveis'!G100,'Catalogo de Variaveis'!G100-'Catalogo de Variaveis'!G99,'Catalogo de Variaveis'!G99-'Catalogo de Variaveis'!G98,'Catalogo de Variaveis'!G98-'Catalogo de Variaveis'!G97)),0) | D96: =IF($B96="","",IF(OR($J$1="",$J$2=""),$B$1-3*$B$2,$J$1-3*$J$2)) | E96: =IF($B96="","",IF(OR($J$1="",$J$2=""),$B$1-2*$B$2,$J$1-2*$J$2)) | F96: =IF($B96="","",IF(OR($J$1="",$J$2=""),$B$1-$B$2,$J$1-$J$2)) | G96: =IF($B96="","",IF(OR($J$1="",$J$2=""),$B$1,$J$1)) | H96: =IF($B96="","",IF(OR($J$1="",$J$2=""),$B$1+$B$2,$J$1+$J$2)) | I96: =IF($B96="","",IF(OR($J$1="",$J$2=""),$B$1+2*$B$2,$J$1+2*$J$2)) | J96: =IF($B96="","",IF(OR($J$1="",$J$2=""),$B$1+3*$B$2,$J$1+3*$J$2)) | K96: =IF($B96="","",$C$1-3*$C$2) | L96: =IF($B96="","",$C$1-2*$C$2) | M96: =IF($B96="","",$C$1-$C$2) | N96: =IF($B96="","",$C$1) | O96: =IF($B96="","",$C$1+1*$C$2) | P96: =IF($B96="","",$C$1+2*$C$2) | Q96: =IF($B96="","",$C$1+3*$C$2)

Sheet V02
A1: Média | B1: =AVERAGE(B9:B1048576) -> 57.631579 | C1: =AVERAGE(C9:C1048576) -> 0.42105263 | I1: LME | J1: =IF(LME="","",LME)
A2: Desvio Padrão | B2: =_xlfn.STDEV.S(B9:B1048576) -> 18.623468 | C2: =_xlfn.STDEV.S(C9:C1048576) -> 2.4646866 | I2: VME | J2: =IF(VME="","",VME/3)
A3: Máximo | B3: =MAX(B9:B1048576) -> 103 | C3: =MAX(C9:C1048576) -> 4.25
A4: Mínimo | B4: =MIN(B9:B1048576) -> 16 | C4: =MIN(C9:C1048576) -> -6
A5: V02 - NÚMERO TOTAL DE DENÚNCIAS NO PERÍODO DE REFERÊNCIA RECEBIDAS PELOS DIVERSOS CANAIS DE DENÚNCIAS DA COMPANHIA
A7: DADOS | D7: SOMA | K7: AMPLITUDE
A8: Período | B8: Soma | C8: Amplitude | D8: LIC | E8: L2I | F8: L1I | G8: LMC | H8: L1S | I8: L2S | J8: LSC | K8: LIC | L8: L2I | M8: L1I | N8: LMC | O8: L1S | P8: L2S | Q8: LSC
A9: 44805 | B9: =IF('Catalogo de Variaveis'!H14="","",SUM('Catalogo de Variaveis'!H11:H14)) -> 16 | C9: =IFERROR(IF($B9="","",AVERAGE('Catalogo de Variaveis'!H14-'Catalogo de Variaveis'!H13,'Catalogo de Variaveis'!H13-'Catalogo de Variaveis'!H12,'Catalogo de Variaveis'!H12-'Catalogo de Variaveis'!H11,'Catalogo de Variaveis'!H11-'Catalogo de Variaveis'!H10)),0) -> 4 | D9: =IF($B9="","",IF(OR($J$1="",$J$2=""),$B$1-3*$B$2,$J$1-3*$J$2)) -> 1.7611741 | E9: =IF($B9="","",IF(OR($J$1="",$J$2=""),$B$1-2*$B$2,$J$1-2*$J$2)) -> 20.384642 | F9: =IF($B9="","",IF(OR($J$1="",$J$2=""),$B$1-$B$2,$J$1-$J$2)) -> 39.008111 | G9: =IF($B9="","",IF(OR($J$1="",$J$2=""),$B$1,$J$1)) -> 57.631579 | H9: =IF($B9="","",IF(OR($J$1="",$J$2=""),$B$1+$B$2,$J$1+$J$2)) -> 76.255047 | I9: =IF($B9="","",IF(OR($J$1="",$J$2=""),$B$1+2*$B$2,$J$1+2*$J$2)) -> 94.878515 | J9: =IF($B9="","",IF(OR($J$1="",$J$2=""),$B$1+3*$B$2,$J$1+3*$J$2)) -> 113.50198 | K9: =IF($B9="","",$C$1-3*$C$2) -> -6.9730071 | L9: =IF($B9="","",$C$1-2*$C$2) -> -4.5083205 | M9: =IF($B9="","",$C$1-$C$2) -> -2.0436339 | N9: =IF($B9="","",$C$1) -> 0.42105263 | O9: =IF($B9="","",$C$1+1*$C$2) -> 2.8857392 | P9: =IF($B9="","",$C$1+2*$C$2) -> 5.3504258 | Q9: =IF($B9="","",$C$1+3*$C$2) -> 7.8151124
A10: 44835 | B10: =IF('Catalogo de Variaveis'!H15="","",SUM('Catalogo de Variaveis'!H12:H15)) -> 29 | C10: =IFERROR(IF($B10="","",AVERAGE('Catalogo de Variaveis'!H15-'Catalogo de Variaveis'!H14,'Catalogo de Variaveis'!H14-'Catalogo de Variaveis'!H13,'Catalogo de Variaveis'!H13-'Catalogo de Variaveis'!H12,'Catalogo de Variaveis'!H12-'Catalogo de Variaveis'!H11)),0) -> 3.25 | D10: =IF($B10="","",IF(OR($J$1="",$J$2=""),$B$1-3*$B$2,$J$1-3*$J$2)) -> 1.7611741 | E10: =IF($B10="","",IF(OR($J$1="",$J$2=""),$B$1-2*$B$2,$J$1-2*$J$2)) -> 20.384642 | F10: =IF($B10="","",IF(OR($J$1="",$J$2=""),$B$1-$B$2,$J$1-$J$2)) -> 39.008111 | G10: =IF($B10="","",IF(OR($J$1="",$J$2=""),$B$1,$J$1)) -> 57.631579 | H10: =IF($B10="","",IF(OR($J$1="",$J$2=""),$B$1+$B$2,$J$1+$J$2)) -> 76.255047 | I10: =IF($B10="","",IF(OR($J$1="",$J$2=""),$B$1+2*$B$2,$J$1+2*$J$2)) -> 94.878515 | J10: =IF($B10="","",IF(OR($J$1="",$J$2=""),$B$1+3*$B$2,$J$1+3*$J$2)) -> 113.50198 | K10: =IF($B10="","",$C$1-3*$C$2) -> -6.9730071 | L10: =IF($B10="","",$C$1-2*$C$2) -> -4.5083205 | M10: =IF($B10="","",$C$1-$C$2) -> -2.0436339 | N10: =IF($B10="","",$C$1) -> 0.42105263 | O10: =IF($B10="","",$C$1+1*$C$2) -> 2.8857392 | P10: =IF($B10="","",$C$1+2*$C$2) -> 5.3504258 | Q10: =IF($B10="","",$C$1+3*$C$2) -> 7.8151124
A11: 44866 | B11: =IF('Catalogo de Variaveis'!H16="","",SUM('Catalogo de Variaveis'!H13:H16)) -> 38 | C11: =IFERROR(IF($B11="","",AVERAGE('Catalogo de Variaveis'!H16-'Catalogo de Variaveis'!H15,'Catalogo de Variaveis'!H15-'Catalogo de Variaveis'!H14,'Catalogo de Variaveis'!H14-'Catalogo de Variaveis'!H13,'Catalogo de Variaveis'!H13-'Catalogo de Variaveis'!H12)),0) -> 2.25 | D11: =IF($B11="","",IF(OR($J$1="",$J$2=""),$B$1-3*$B$2,$J$1-3*$J$2)) -> 1.7611741 | E11: =IF($B11="","",IF(OR($J$1="",$J$2=""),$B$1-2*$B$2,$J$1-2*$J$2)) -> 20.384642 | F11: =IF($B11="","",IF(OR($J$1="",$J$2=""),$B$1-$B$2,$J$1-$J$2)) -> 39.008111 | G11: =IF($B11="","",IF(OR($J$1="",$J$2=""),$B$1,$J$1)) -> 57.631579 | H11: =IF($B11="","",IF(OR($J$1="",$J$2=""),$B$1+$B$2,$J$1+$J$2)) -> 76.255047 | I11: =IF($B11="","",IF(OR($J$1="",$J$2=""),$B$1+2*$B$2,$J$1+2*$J$2)) -> 94.878515 | J11: =IF($B11="","",IF(OR($J$1="",$J$2=""),$B$1+3*$B$2,$J$1+3*$J$2)) -> 113.50198 | K11: =IF($B11="","",$C$1-3*$C$2) -> -6.9730071 | L11: =IF($B11="","",$C$1-2*$C$2) -> -4.5083205 | M11: =IF($B11="","",$C$1-$C$2) -> -2.0436339 | N11: =IF($B11="","",$C$1) -> 0.42105263 | O11: =IF($B11="","",$C$1+1*$C$2) -> 2.8857392 | P11: =IF($B11="","",$C$1+2*$C$2) -> 5.3504258 | Q11: =IF($B11="","",$C$1+3*$C$2) -> 7.8151124
A12: 44896 | B12: =IF('Catalogo de Variaveis'!H17="","",SUM('Catalogo de Variaveis'!H14:H17)) -> 45 | C12: =IFERROR(IF($B12="","",AVERAGE('Catalogo de Variaveis'!H17-'Catalogo de Variaveis'!H16,'Catalogo de Variaveis'!H16-'Catalogo de Variaveis'!H15,'Catalogo de Variaveis'!H15-'Catalogo de Variaveis'!H14,'Catalogo de Variaveis'!H14-'Catalogo de Variaveis'!H13)),0) -> 1.75 | D12: =IF($B12="","",IF(OR($J$1="",$J$2=""),$B$1-3*$B$2,$J$1-3*$J$2)) -> 1.7611741 | E12: =IF($B12="","",IF(OR($J$1="",$J$2=""),$B$1-2*$B$2,$J$1-2*$J$2)) -> 20.384642 | F12: =IF($B12="","",IF(OR($J$1="",$J$2=""),$B$1-$B$2,$J$1-$J$2)) -> 39.008111 | G12: =IF($B12="","",IF(OR($J$1="",$J$2=""),$B$1,$J$1)) -> 57.631579 | H12: =IF($B12="","",IF(OR($J$1="",$J$2=""),$B$1+$B$2,$J$1+$J$2)) -> 76.255047 | I12: =IF($B12="","",IF(OR($J$1="",$J$2=""),$B$1+2*$B$2,$J$1+2*$J$2)) -> 94.878515 | J12: =IF($B12="","",IF(OR($J$1="",$J$2=""),$B$1+3*$B$2,$J$1+3*$J$2)) -> 113.50198 | K12: =IF($B12="","",$C$1-3*$C$2) -> -6.9730071 | L12: =IF($B12="","",$C$1-2*$C$2) -> -4.5083205 | M12: =IF($B12="","",$C$1-$C$2) -> -2.0436339 | N12: =IF($B12="","",$C$1) -> 0.42105263 | O12: =IF($B12="","",$C$1+1*$C$2) -> 2.8857392 | P12: =IF($B12="","",$C$1+2*$C$2) -> 5.3504258 | Q12: =IF($B12="","",$C$1+3*$C$2) -> 7.8151124
A13: 44927 | B13: =IF('Catalogo de Variaveis'!H18="","",SUM('Catalogo de Variaveis'!H15:H18)) -> 35 | C13: =IFERROR(IF($B13="","",AVERAGE('Catalogo de Variaveis'!H18-'Catalogo de Variaveis'!H17,'Catalogo de Variaveis'!H17-'Catalogo de Variaveis'!H16,'Catalogo de Variaveis'!H16-'Catalogo de Variaveis'!H15,'Catalogo de Variaveis'!H15-'Catalogo de Variaveis'!H14)),0) -> -2.5 | D13: =IF($B13="","",IF(OR($J$1="",$J$2=""),$B$1-3*$B$2,$J$1-3*$J$2)) -> 1.7611741 | E13: =IF($B13="","",IF(OR($J$1="",$J$2=""),$B$1-2*$B$2,$J$1-2*$J$2)) -> 20.384642 | F13: =IF($B13="","",IF(OR($J$1="",$J$2=""),$B$1-$B$2,$J$1-$J$2)) -> 39.008111 | G13: =IF($B13="","",IF(OR($J$1="",$J$2=""),$B$1,$J$1)) -> 57.631579 | H13: =IF($B13="","",IF(OR($J$1="",$J$2=""),$B$1+$B$2,$J$1+$J$2)) -> 76.255047 | I13: =IF($B13="","",IF(OR($J$1="",$J$2=""),$B$1+2*$B$2,$J$1+2*$J$2)) -> 94.878515 | J13: =IF($B13="","",IF(OR($J$1="",$J$2=""),$B$1+3*$B$2,$J$1+3*$J$2)) -> 113.50198 | K13: =IF($B13="","",$C$1-3*$C$2) -> -6.9730071 | L13: =IF($B13="","",$C$1-2*$C$2) -> -4.5083205 | M13: =IF($B13="","",$C$1-$C$2) -> -2.0436339 | N13: =IF($B13="","",$C$1) -> 0.42105263 | O13: =IF($B13="","",$C$1+1*$C$2) -> 2.8857392 | P13: =IF($B13="","",$C$1+2*$C$2) -> 5.3504258 | Q13: =IF($B13="","",$C$1+3*$C$2) -> 7.8151124
A14: 44958 | B14: =IF('Catalogo de Variaveis'!H19="","",SUM('Catalogo de Variaveis'!H16:H19)) -> 36 | C14: =IFERROR(IF($B14="","",AVERAGE('Catalogo de Variaveis'!H19-'Catalogo de Variaveis'!H18,'Catalogo de Variaveis'!H18-'Catalogo de Variaveis'!H17,'Catalogo de Variaveis'!H17-'Catalogo de Variaveis'!H16,'Catalogo de Variaveis'!H16-'Catalogo de Variaveis'!H15)),0) -> 0.25 | D14: =IF($B14="","",IF(OR($J$1="",$J$2=""),$B$1-3*$B$2,$J$1-3*$J$2)) -> 1.7611741 | E14: =IF($B14="","",IF(OR($J$1="",$J$2=""),$B$1-2*$B$2,$J$1-2*$J$2)) -> 20.384642 | F14: =IF($B14="","",IF(OR($J$1="",$J$2=""),$B$1-$B$2,$J$1-$J$2)) -> 39.008111 | G14: =IF($B14="","",IF(OR($J$1="",$J$2=""),$B$1,$J$1)) -> 57.631579 | H14: =IF($B14="","",IF(OR($J$1="",$J$2=""),$B$1+$B$2,$J$1+$J$2)) -> 76.255047 | I14: =IF($B14="","",IF(OR($J$1="",$J$2=""),$B$1+2*$B$2,$J$1+2*$J$2)) -> 94.878515 | J14: =IF($B14="","",IF(OR($J$1="",$J$2=""),$B$1+3*$B$2,$J$1+3*$J$2)) -> 113.50198 | K14: =IF($B14="","",$C$1-3*$C$2) -> -6.9730071 | L14: =IF($B14="","",$C$1-2*$C$2) -> -4.5083205 | M14: =IF($B14="","",$C$1-$C$2) -> -2.0436339 | N14: =IF($B14="","",$C$1) -> 0.42105263 | O14: =IF($B14="","",$C$1+1*$C$2) -> 2.8857392 | P14: =IF($B14="","",$C$1+2*$C$2) -> 5.3504258 | Q14: =IF($B14="","",$C$1+3*$C$2) -> 7.8151124
A15: 44986 | B15: =IF('Catalogo de Variaveis'!H20="","",SUM('Catalogo de Variaveis'!H17:H20)) -> 38 | C15: =IFERROR(IF($B15="","",AVERAGE('Catalogo de Variaveis'!H20-'Catalogo de Variaveis'!H19,'Catalogo de Variaveis'!H19-'Catalogo de Variaveis'!H18,'Catalogo de Variaveis'!H18-'Catalogo de Variaveis'!H17,'Catalogo de Variaveis'!H17-'Catalogo de Variaveis'!H16)),0) -> 0.5 | D15: =IF($B15="","",IF(OR($J$1="",$J$2=""),$B$1-3*$B$2,$J$1-3*$J$2)) -> 1.7611741 | E15: =IF($B15="","",IF(OR($J$1="",$J$2=""),$B$1-2*$B$2,$J$1-2*$J$2)) -> 20.384642 | F15: =IF($B15="","",IF(OR($J$1="",$J$2=""),$B$1-$B$2,$J$1-$J$2)) -> 39.008111 | G15: =IF($B15="","",IF(OR($J$1="",$J$2=""),$B$1,$J$1)) -> 57.631579 | H15: =IF($B15="","",IF(OR($J$1="",$J$2=""),$B$1+$B$2,$J$1+$J$2)) -> 76.255047 | I15: =IF($B15="","",IF(OR($J$1="",$J$2=""),$B$1+2*$B$2,$J$1+2*$J$2)) -> 94.878515 | J15: =IF($B15="","",IF(OR($J$1="",$J$2=""),$B$1+3*$B$2,$J$1+3*$J$2)) -> 113.50198 | K15: =IF($B15="","",$C$1-3*$C$2) -> -6.9730071 | L15: =IF($B15="","",$C$1-2*$C$2) -> -4.5083205 | M15: =IF($B15="","",$C$1-$C$2) -> -2.0436339 | N15: =IF($B15="","",$C$1) -> 0.42105263 | O15: =IF($B15="","",$C$1+1*$C$2) -> 2.8857392 | P15: =IF($B15="","",$C$1+2*$C$2) -> 5.3504258 | Q15: =IF($B15="","",$C$1+3*$C$2) -> 7.8151124
A16: 45017 | B16: =IF('Catalogo de Variaveis'!H21="","",SUM('Catalogo de Variaveis'!H18:H21)) -> 43 | C16: =IFERROR(IF($B16="","",AVERAGE('Catalogo de Variaveis'!H21-'Catalogo de Variaveis'!H20,'Catalogo de Variaveis'!H20-'Catalogo de Variaveis'!H19,'Catalogo de Variaveis'!H19-'Catalogo de Variaveis'!H18,'Catalogo de Variaveis'!H18-'Catalogo de Variaveis'!H17)),0) -> 1.25 | D16: =IF($B16="","",IF(OR($J$1="",$J$2=""),$B$1-3*$B$2,$J$1-3*$J$2)) -> 1.7611741 | E16: =IF($B16="","",IF(OR($J$1="",$J$2=""),$B$1-2*$B$2,$J$1-2*$J$2)) -> 20.384642 | F16: =IF($B16="","",IF(OR($J$1="",$J$2=""),$B$1-$B$2,$J$1-$J$2)) -> 39.008111 | G16: =IF($B16="","",IF(OR($J$1="",$J$2=""),$B$1,$J$1)) -> 57.631579 | H16: =IF($B16="","",IF(OR($J$1="",$J$2=""),$B$1+$B$2,$J$1+$J$2)) -> 76.255047 | I16: =IF($B16="","",IF(OR($J$1="",$J$2=""),$B$1+2*$B$2,$J$1+2*$J$2)) -> 94.878515 | J16: =IF($B16="","",IF(OR($J$1="",$J$2=""),$B$1+3*$B$2,$J$1+3*$J$2)) -> 113.50198 | K16: =IF($B16="","",$C$1-3*$C$2) -> -6.9730071 | L16: =IF($B16="","",$C$1-2*$C$2) -> -4.5083205 | M16: =IF($B16="","",$C$1-$C$2) -> -2.0436339 | N16: =IF($B16="","",$C$1) -> 0.42105263 | O16: =IF($B16="","",$C$1+1*$C$2) -> 2.8857392 | P16: =IF($B16="","",$C$1+2*$C$2) -> 5.3504258 | Q16: =IF($B16="","",$C$1+3*$C$2) -> 7.8151124
A17: 45047 | B17: =IF('Catalogo de Variaveis'!H22="","",SUM('Catalogo de Variaveis'!H19:H22)) -> 52 | C17: =IFERROR(IF($B17="","",AVERAGE('Catalogo de Variaveis'!H22-'Catalogo de Variaveis'!H21,'Catalogo de Variaveis'!H21-'Catalogo de Variaveis'!H20,'Catalogo de Variaveis'!H20-'Catalogo de Variaveis'!H19,'Catalogo de Variaveis'!H19-'Catalogo de Variaveis'!H18)),0) -> 2.25 | D17: =IF($B17="","",IF(OR($J$1="",$J$2=""),$B$1-3*$B$2,$J$1-3*$J$2)) -> 1.7611741 | E17: =IF($B17="","",IF(OR($J$1="",$J$2=""),$B$1-2*$B$2,$J$1-2*$J$2)) -> 20.384642 | F17: =IF($B17="","",IF(OR($J$1="",$J$2=""),$B$1-$B$2,$J$1-$J$2)) -> 39.008111 | G17: =IF($B17="","",IF(OR($J$1="",$J$2=""),$B$1,$J$1)) -> 57.631579 | H17: =IF($B17="","",IF(OR($J$1="",$J$2=""),$B$1+$B$2,$J$1+$J$2)) -> 76.255047 | I17: =IF($B17="","",IF(OR($J$1="",$J$2=""),$B$1+2*$B$2,$J$1+2*$J$2)) -> 94.878515 | J17: =IF($B17="","",IF(OR($J$1="",$J$2=""),$B$1+3*$B$2,$J$1+3*$J$2)) -> 113.50198 | K17: =IF($B17="","",$C$1-3*$C$2) -> -6.9730071 | L17: =IF($B17="","",$C$1-2*$C$2) -> -4.5083205 | M17: =IF($B17="","",$C$1-$C$2) -> -2.0436339 | N17: =IF($B17="","",$C$1) -> 0.42105263 | O17: =IF($B17="","",$C$1+1*$C$2) -> 2.8857392 | P17: =IF($B17="","",$C$1+2*$C$2) -> 5.3504258 | Q17: =IF($B17="","",$C$1+3*$C$2) -> 7.8151124
A18: 45078 | B18: =IF('Catalogo de Variaveis'!H23="","",SUM('Catalogo de Variaveis'!H20:H23)) -> 47 | C18: =IFERROR(IF($B18="","",AVERAGE('Catalogo de Variaveis'!H23-'Catalogo de Variaveis'!H22,'Catalogo de Variaveis'!H22-'Catalogo de Variaveis'!H21,'Catalogo de Variaveis'!H21-'Catalogo de Variaveis'!H20,'Catalogo de Variaveis'!H20-'Catalogo de Variaveis'!H19)),0) -> -1.25 | D18: =IF($B18="","",IF(OR($J$1="",$J$2=""),$B$1-3*$B$2,$J$1-3*$J$2)) -> 1.7611741 | E18: =IF($B18="","",IF(OR($J$1="",$J$2=""),$B$1-2*$B$2,$J$1-2*$J$2)) -> 20.384642 | F18: =IF($B18="","",IF(OR($J$1="",$J$2=""),$B$1-$B$2,$J$1-$J$2)) -> 39.008111 | G18: =IF($B18="","",IF(OR($J$1="",$J$2=""),$B$1,$J$1)) -> 57.631579 | H18: =IF($B18="","",IF(OR($J$1="",$J$2=""),$B$1+$B$2,$J$1+$J$2)) -> 76.255047 | I18: =IF($B18="","",IF(OR($J$1="",$J$2=""),$B$1+2*$B$2,$J$1+2*$J$2)) -> 94.878515 | J18: =IF($B18="","",IF(OR($J$1="",$J$2=""),$B$1+3*$B$2,$J$1+3*$J$2)) -> 113.50198 | K18: =IF($B18="","",$C$1-3*$C$2) -> -6.9730071 | L18: =IF($B18="","",$C$1-2*$C$2) -> -4.5083205 | M18: =IF($B18="","",$C$1-$C$2) -> -2.0436339 | N18: =IF($B18="","",$C$1) -> 0.42105263 | O18: =IF($B18="","",$C$1+1*$C$2) -> 2.8857392 | P18: =IF($B18="","",$C$1+2*$C$2) -> 5.3504258 | Q18: =IF($B18="","",$C$1+3*$C$2) -> 7.8151124
A19: 45108 | B19: =IF('Catalogo de Variaveis'!H24="","",SUM('Catalogo de Variaveis'!H21:H24)) -> 52 | C19: =IFERROR(IF($B19="","",AVERAGE('Catalogo de Variaveis'!H24-'Catalogo de Variaveis'!H23,'Catalogo de Variaveis'!H23-'Catalogo de Variaveis'!H22,'Catalogo de Variaveis'!H22-'Catalogo de Variaveis'!H21,'Catalogo de Variaveis'!H21-'Catalogo de Variaveis'!H20)),0) -> 1.25 | D19: =IF($B19="","",IF(OR($J$1="",$J$2=""),$B$1-3*$B$2,$J$1-3*$J$2)) -> 1.7611741 | E19: =IF($B19="","",IF(OR($J$1="",$J$2=""),$B$1-2*$B$2,$J$1-2*$J$2)) -> 20.384642 | F19: =IF($B19="","",IF(OR($J$1="",$J$2=""),$B$1-$B$2,$J$1-$J$2)) -> 39.008111 | G19: =IF($B19="","",IF(OR($J$1="",$J$2=""),$B$1,$J$1)) -> 57.631579 | H19: =IF($B19="","",IF(OR($J$1="",$J$2=""),$B$1+$B$2,$J$1+$J$2)) -> 76.255047 | I19: =IF($B19="","",IF(OR($J$1="",$J$2=""),$B$1+2*$B$2,$J$1+2*$J$2)) -> 94.878515 | J19: =IF($B19="","",IF(OR($J$1="",$J$2=""),$B$1+3*$B$2,$J$1+3*$J$2)) -> 113.50198 | K19: =IF($B19="","",$C$1-3*$C$2) -> -6.9730071 | L19: =IF($B19="","",$C$1-2*$C$2) -> -4.5083205 | M19: =IF($B19="","",$C$1-$C$2) -> -2.0436339 | N19: =IF($B19="","",$C$1) -> 0.42105263 | O19: =IF($B19="","",$C$1+1*$C$2) -> 2.8857392 | P19: =IF($B19="","",$C$1+2*$C$2) -> 5.3504258 | Q19: =IF($B19="","",$C$1+3*$C$2) -> 7.8151124
A20: 45139 | B20: =IF('Catalogo de Variaveis'!H25="","",SUM('Catalogo de Variaveis'!H22:H25)) -> 54 | C20: =IFERROR(IF($B20="","",AVERAGE('Catalogo de Variaveis'!H25-'Catalogo de Variaveis'!H24,'Catalogo de Variaveis'!H24-'Catalogo de Variaveis'!H23,'Catalogo de Variaveis'!H23-'Catalogo de Variaveis'!H22,'Catalogo de Variaveis'!H22-'Catalogo de Variaveis'!H21)),0) -> 0.5 | D20: =IF($B20="","",IF(OR($J$1="",$J$2=""),$B$1-3*$B$2,$J$1-3*$J$2)) -> 1.7611741 | E20: =IF($B20="","",IF(OR($J$1="",$J$2=""),$B$1-2*$B$2,$J$1-2*$J$2)) -> 20.384642 | F20: =IF($B20="","",IF(OR($J$1="",$J$2=""),$B$1-$B$2,$J$1-$J$2)) -> 39.008111 | G20: =IF($B20="","",IF(OR($J$1="",$J$2=""),$B$1,$J$1)) -> 57.631579 | H20: =IF($B20="","",IF(OR($J$1="",$J$2=""),$B$1+$B$2,$J$1+$J$2)) -> 76.255047 | I20: =IF($B20="","",IF(OR($J$1="",$J$2=""),$B$1+2*$B$2,$J$1+2*$J$2)) -> 94.878515 | J20: =IF($B20="","",IF(OR($J$1="",$J$2=""),$B$1+3*$B$2,$J$1+3*$J$2)) -> 113.50198 | K20: =IF($B20="","",$C$1-3*$C$2) -> -6.9730071 | L20: =IF($B20="","",$C$1-2*$C$2) -> -4.5083205 | M20: =IF($B20="","",$C$1-$C$2) -> -2.0436339 | N20: =IF($B20="","",$C$1) -> 0.42105263 | O20: =IF($B20="","",$C$1+1*$C$2) -> 2.8857392 | P20: =IF($B20="","",$C$1+2*$C$2) -> 5.3504258 | Q20: =IF($B20="","",$C$1+3*$C$2) -> 7.8151124
... A96: 47453 | B96: =IF('Catalogo de Variaveis'!H101="","",SUM('Catalogo de Variaveis'!H98:H101)) | C96: =IFERROR(IF($B96="","",AVERAGE('Catalogo de Variaveis'!H101-'Catalogo de Variaveis'!H100,'Catalogo de Variaveis'!H100-'Catalogo de Variaveis'!H99,'Catalogo de Variaveis'!H99-'Catalogo de Variaveis'!H98,'Catalogo de Variaveis'!H98-'Catalogo de Variaveis'!H97)),0) | D96: =IF($B96="","",IF(OR($J$1="",$J$2=""),$B$1-3*$B$2,$J$1-3*$J$2)) | E96: =IF($B96="","",IF(OR($J$1="",$J$2=""),$B$1-2*$B$2,$J$1-2*$J$2)) | F96: =IF($B96="","",IF(OR($J$1="",$J$2=""),$B$1-$B$2,$J$1-$J$2)) | G96: =IF($B96="","",IF(OR($J$1="",$J$2=""),$B$1,$J$1)) | H96: =IF($B96="","",IF(OR($J$1="",$J$2=""),$B$1+$B$2,$J$1+$J$2)) | I96: =IF($B96="","",IF(OR($J$1="",$J$2=""),$B$1+2*$B$2,$J$1+2*$J$2)) | J96: =IF($B96="","",IF(OR($J$1="",$J$2=""),$B$1+3*$B$2,$J$1+3*$J$2)) | K96: =IF($B96="","",$C$1-3*$C$2) | L96: =IF($B96="","",$C$1-2*$C$2) | M96: =IF($B96="","",$C$1-$C$2) | N96: =IF($B96="","",$C$1) | O96: =IF($B96="","",$C$1+1*$C$2) | P96: =IF($B96="","",$C$1+2*$C$2) | Q96: =IF($B96="","",$C$1+3*$C$2)

Sheet V03
A1: Média | B1: =AVERAGE(B9:B1048576) -> 1.4210526 | C1: =AVERAGE(C9:C1048576) -> 0.013157895 | I1: LME | J1: =IF(LME="","",LME)
A2: Desvio Padrão | B2: =_xlfn.STDEV.S(B9:B1048576) -> 1.0301293 | C2: =_xlfn.STDEV.S(C9:C1048576) -> 0.20914375 | I2: VME | J2: =IF(VME="","",VME/3)
A3: Máximo | B3: =MAX(B9:B1048576) -> 4 | C3: =MAX(C9:C1048576) -> 0.5
A4: Mínimo | B4: =MIN(B9:B1048576) -> 0 | C4: =MIN(C9:C1048576) -> -0.25
A5: V03 - NÚMERO DE DENÚNCIAS DE ASSÉDIO SEXUAL APURADAS NO PERÍODO RECEBIDAS PELOS DIVERSOS CANAIS DE DENÚNCIAS DA COMPANHIA
A7: DADOS | D7: SOMA | K7: AMPLITUDE
A8: Período | B8: Soma | C8: Amplitude | D8: LIC | E8: L2I | F8: L1I | G8: LMC | H8: L1S | I8: L2S | J8: LSC | K8: LIC | L8: L2I | M8: L1I | N8: LMC | O8: L1S | P8: L2S | Q8: LSC
A9: 44805 | B9: =IF('Catalogo de Variaveis'!I14="","",SUM('Catalogo de Variaveis'!I11:I14)) -> 0 | C9: =IFERROR(IF($B9="","",AVERAGE('Catalogo de Variaveis'!I14-'Catalogo de Variaveis'!I13,'Catalogo de Variaveis'!I13-'Catalogo de Variaveis'!I12,'Catalogo de Variaveis'!I12-'Catalogo de Variaveis'!I11,'Catalogo de Variaveis'!I11-'Catalogo de Variaveis'!I10)),0) -> 0 | D9: =IF($B9="","",IF(OR($J$1="",$J$2=""),$B$1-3*$B$2,$J$1-3*$J$2)) -> -1.6693353 | E9: =IF($B9="","",IF(OR($J$1="",$J$2=""),$B$1-2*$B$2,$J$1-2*$J$2)) -> -0.63920602 | F9: =IF($B9="","",IF(OR($J$1="",$J$2=""),$B$1-$B$2,$J$1-$J$2)) -> 0.3909233 | G9: =IF($B9="","",IF(OR($J$1="",$J$2=""),$B$1,$J$1)) -> 1.4210526 | H9: =IF($B9="","",IF(OR($J$1="",$J$2=""),$B$1+$B$2,$J$1+$J$2)) -> 2.451182 | I9: =IF($B9="","",IF(OR($J$1="",$J$2=""),$B$1+2*$B$2,$J$1+2*$J$2)) -> 3.4813113 | J9: =IF($B9="","",IF(OR($J$1="",$J$2=""),$B$1+3*$B$2,$J$1+3*$J$2)) -> 4.5114406 | K9: =IF($B9="","",$C$1-3*$C$2) -> -0.61427337 | L9: =IF($B9="","",$C$1-2*$C$2) -> -0.40512961 | M9: =IF($B9="","",$C$1-$C$2) -> -0.19598586 | N9: =IF($B9="","",$C$1) -> 0.013157895 | O9: =IF($B9="","",$C$1+1*$C$2) -> 0.22230165 | P9: =IF($B9="","",$C$1+2*$C$2) -> 0.4314454 | Q9: =IF($B9="","",$C$1+3*$C$2) -> 0.64058915
A10: 44835 | B10: =IF('Catalogo de Variaveis'!I15="","",SUM('Catalogo de Variaveis'!I12:I15)) -> 1 | C10: =IFERROR(IF($B10="","",AVERAGE('Catalogo de Variaveis'!I15-'Catalogo de Variaveis'!I14,'Catalogo de Variaveis'!I14-'Catalogo de Variaveis'!I13,'Catalogo de Variaveis'!I13-'Catalogo de Variaveis'!I12,'Catalogo de Variaveis'!I12-'Catalogo de Variaveis'!I11)),0) -> 0.25 | D10: =IF($B10="","",IF(OR($J$1="",$J$2=""),$B$1-3*$B$2,$J$1-3*$J$2)) -> -1.6693353 | E10: =IF($B10="","",IF(OR($J$1="",$J$2=""),$B$1-2*$B$2,$J$1-2*$J$2)) -> -0.63920602 | F10: =IF($B10="","",IF(OR($J$1="",$J$2=""),$B$1-$B$2,$J$1-$J$2)) -> 0.3909233 | G10: =IF($B10="","",IF(OR($J$1="",$J$2=""),$B$1,$J$1)) -> 1.4210526 | H10: =IF($B10="","",IF(OR($J$1="",$J$2=""),$B$1+$B$2,$J$1+$J$2)) -> 2.451182 | I10: =IF($B10="","",IF(OR($J$1="",$J$2=""),$B$1+2*$B$2,$J$1+2*$J$2)) -> 3.4813113 | J10: =IF($B10="","",IF(OR($J$1="",$J$2=""),$B$1+3*$B$2,$J$1+3*$J$2)) -> 4.5114406 | K10: =IF($B10="","",$C$1-3*$C$2) -> -0.61427337 | L10: =IF($B10="","",$C$1-2*$C$2) -> -0.40512961 | M10: =IF($B10="","",$C$1-$C$2) -> -0.19598586 | N10: =IF($B10="","",$C$1) -> 0.013157895 | O10: =IF($B10="","",$C$1+1*$C$2) -> 0.22230165 | P10: =IF($B10="","",$C$1+2*$C$2) -> 0.4314454 | Q10: =IF($B10="","",$C$1+3*$C$2) -> 0.64058915
A11: 44866 | B11: =IF('Catalogo de Variaveis'!I16="","",SUM('Catalogo de Variaveis'!I13:I16)) -> 1 | C11: =IFERROR(IF($B11="","",AVERAGE('Catalogo de Variaveis'!I16-'Catalogo de Variaveis'!I15,'Catalogo de Variaveis'!I15-'Catalogo de Variaveis'!I14,'Catalogo de Variaveis'!I14-'Catalogo de Variaveis'!I13,'Catalogo de Variaveis'!I13-'Catalogo de Variaveis'!I12)),0) -> 0 | D11: =IF($B11="","",IF(OR($J$1="",$J$2=""),$B$1-3*$B$2,$J$1-3*$J$2)) -> -1.6693353 | E11: =IF($B11="","",IF(OR($J$1="",$J$2=""),$B$1-2*$B$2,$J$1-2*$J$2)) -> -0.63920602 | F11: =IF($B11="","",IF(OR($J$1="",$J$2=""),$B$1-$B$2,$J$1-$J$2)) -> 0.3909233 | G11: =IF($B11="","",IF(OR($J$1="",$J$2=""),$B$1,$J$1)) -> 1.4210526 | H11: =IF($B11="","",IF(OR($J$1="",$J$2=""),$B$1+$B$2,$J$1+$J$2)) -> 2.451182 | I11: =IF($B11="","",IF(OR($J$1="",$J$2=""),$B$1+2*$B$2,$J$1+2*$J$2)) -> 3.4813113 | J11: =IF($B11="","",IF(OR($J$1="",$J$2=""),$B$1+3*$B$2,$J$1+3*$J$2)) -> 4.5114406 | K11: =IF($B11="","",$C$1-3*$C$2) -> -0.61427337 | L11: =IF($B11="","",$C$1-2*$C$2) -> -0.40512961 | M11: =IF($B11="","",$C$1-$C$2) -> -0.19598586 | N11: =IF($B11="","",$C$1) -> 0.013157895 | O11: =IF($B11="","",$C$1+1*$C$2) -> 0.22230165 | P11: =IF($B11="","",$C$1+2*$C$2) -> 0.4314454 | Q11: =IF($B11="","",$C$1+3*$C$2) -> 0.64058915
A12: 44896 | B12: =IF('Catalogo de Variaveis'!I17="","",SUM('Catalogo de Variaveis'!I14:I17)) -> 2 | C12: =IFERROR(IF($B12="","",AVERAGE('Catalogo de Variaveis'!I17-'Catalogo de Variaveis'!I16,'Catalogo de Variaveis'!I16-'Catalogo de Variaveis'!I15,'Catalogo de Variaveis'!I15-'Catalogo de Variaveis'!I14,'Catalogo de Variaveis'!I14-'Catalogo de Variaveis'!I13)),0) -> 0.25 | D12: =IF($B12="","",IF(OR($J$1="",$J$2=""),$B$1-3*$B$2,$J$1-3*$J$2)) -> -1.6693353 | E12: =IF($B12="","",IF(OR($J$1="",$J$2=""),$B$1-2*$B$2,$J$1-2*$J$2)) -> -0.63920602 | F12: =IF($B12="","",IF(OR($J$1="",$J$2=""),$B$1-$B$2,$J$1-$J$2)) -> 0.3909233 | G12: =IF($B12="","",IF(OR($J$1="",$J$2=""),$B$1,$J$1)) -> 1.4210526 | H12: =IF($B12="","",IF(OR($J$1="",$J$2=""),$B$1+$B$2,$J$1+$J$2)) -> 2.451182 | I12: =IF($B12="","",IF(OR($J$1="",$J$2=""),$B$1+2*$B$2,$J$1+2*$J$2)) -> 3.4813113 | J12: =IF($B12="","",IF(OR($J$1="",$J$2=""),$B$1+3*$B$2,$J$1+3*$J$2)) -> 4.5114406 | K12: =IF($B12="","",$C$1-3*$C$2) -> -0.61427337 | L12: =IF($B12="","",$C$1-2*$C$2) -> -0.40512961 | M12: =IF($B12="","",$C$1-$C$2) -> -0.19598586 | N12: =IF($B12="","",$C$1) -> 0.013157895 | O12: =IF($B12="","",$C$1+1*$C$2) -> 0.22230165 | P12: =IF($B12="","",$C$1+2*$C$2) -> 0.4314454 | Q12: =IF($B12="","",$C$1+3*$C$2) -> 0.64058915
A13: 44927 | B13: =IF('Catalogo de Variaveis'!I18="","",SUM('Catalogo de Variaveis'!I15:I18)) -> 2 | C13: =IFERROR(IF($B13="","",AVERAGE('Catalogo de Variaveis'!I18-'Catalogo de Variaveis'!I17,'Catalogo de Variaveis'!I17-'Catalogo de Variaveis'!I16,'Catalogo de Variaveis'!I16-'Catalogo de Variaveis'!I15,'Catalogo de Variaveis'!I15-'Catalogo de Variaveis'!I14)),0) -> 0 | D13: =IF($B13="","",IF(OR($J$1="",$J$2=""),$B$1-3*$B$2,$J$1-3*$J$2)) -> -1.6693353 | E13: =IF($B13="","",IF(OR($J$1="",$J$2=""),$B$1-2*$B$2,$J$1-2*$J$2)) -> -0.63920602 | F13: =IF($B13="","",IF(OR($J$1="",$J$2=""),$B$1-$B$2,$J$1-$J$2)) -> 0.3909233 | G13: =IF($B13="","",IF(OR($J$1="",$J$2=""),$B$1,$J$1)) -> 1.4210526 | H13: =IF($B13="","",IF(OR($J$1="",$J$2=""),$B$1+$B$2,$J$1+$J$2)) -> 2.451182 | I13: =IF($B13="","",IF(OR($J$1="",$J$2=""),$B$1+2*$B$2,$J$1+2*$J$2)) -> 3.4813113 | J13: =IF($B13="","",IF(OR($J$1="",$J$2=""),$B$1+3*$B$2,$J$1+3*$J$2)) -> 4.5114406 | K13: =IF($B13="","",$C$1-3*$C$2) -> -0.61427337 | L13: =IF($B13="","",$C$1-2*$C$2) -> -0.40512961 | M13: =IF($B13="","",$C$1-$C$2) -> -0.19598586 | N13: =IF($B13="","",$C$1) -> 0.013157895 | O13: =IF($B13="","",$C$1+1*$C$2) -> 0.22230165 | P13: =IF($B13="","",$C$1+2*$C$2) -> 0.4314454 | Q13: =IF($B13="","",$C$1+3*$C$2) -> 0.64058915
A14: 44958 | B14: =IF('Catalogo de Variaveis'!I19="","",SUM('Catalogo de Variaveis'!I16:I19)) -> 1 | C14: =IFERROR(IF($B14="","",AVERAGE('Catalogo de Variaveis'!I19-'Catalogo de Variaveis'!I18,'Catalogo de Variaveis'!I18-'Catalogo de Variaveis'!I17,'Catalogo de Variaveis'!I17-'Catalogo de Variaveis'!I16,'Catalogo de Variaveis'!I16-'Catalogo de Variaveis'!I15)),0) -> -0.25 | D14: =IF($B14="","",IF(OR($J$1="",$J$2=""),$B$1-3*$B$2,$J$1-3*$J$2)) -> -1.6693353 | E14: =IF($B14="","",IF(OR($J$1="",$J$2=""),$B$1-2*$B$2,$J$1-2*$J$2)) -> -0.63920602 | F14: =IF($B14="","",IF(OR($J$1="",$J$2=""),$B$1-$B$2,$J$1-$J$2)) -> 0.3909233 | G14: =IF($B14="","",IF(OR($J$1="",$J$2=""),$B$1,$J$1)) -> 1.4210526 | H14: =IF($B14="","",IF(OR($J$1="",$J$2=""),$B$1+$B$2,$J$1+$J$2)) -> 2.451182 | I14: =IF($B14="","",IF(OR($J$1="",$J$2=""),$B$1+2*$B$2,$J$1+2*$J$2)) -> 3.4813113 | J14: =IF($B14="","",IF(OR($J$1="",$J$2=""),$B$1+3*$B$2,$J$1+3*$J$2)) -> 4.5114406 | K14: =IF($B14="","",$C$1-3*$C$2) -> -0.61427337 | L14: =IF($B14="","",$C$1-2*$C$2) -> -0.40512961 | M14: =IF($B14="","",$C$1-$C$2) -> -0.19598586 | N14: =IF($B14="","",$C$1) -> 0.013157895 | O14: =IF($B14="","",$C$1+1*$C$2) -> 0.22230165 | P14: =IF($B14="","",$C$1+2*$C$2) -> 0.4314454 | Q14: =IF($B14="","",$C$1+3*$C$2) -> 0.64058915
A15: 44986 | B15: =IF('Catalogo de Variaveis'!I20="","",SUM('Catalogo de Variaveis'!I17:I20)) -> 1 | C15: =IFERROR(IF($B15="","",AVERAGE('Catalogo de Variaveis'!I20-'Catalogo de Variaveis'!I19,'Catalogo de Variaveis'!I19-'Catalogo de Variaveis'!I18,'Catalogo de Variaveis'!I18-'Catalogo de Variaveis'!I17,'Catalogo de Variaveis'!I17-'Catalogo de Variaveis'!I16)),0) -> 0 | D15: =IF($B15="","",IF(OR($J$1="",$J$2=""),$B$1-3*$B$2,$J$1-3*$J$2)) -> -1.6693353 | E15: =IF($B15="","",IF(OR($J$1="",$J$2=""),$B$1-2*$B$2,$J$1-2*$J$2)) -> -0.63920602 | F15: =IF($B15="","",IF(OR($J$1="",$J$2=""),$B$1-$B$2,$J$1-$J$2)) -> 0.3909233 | G15: =IF($B15="","",IF(OR($J$1="",$J$2=""),$B$1,$J$1)) -> 1.4210526 | H15: =IF($B15="","",IF(OR($J$1="",$J$2=""),$B$1+$B$2,$J$1+$J$2)) -> 2.451182 | I15: =IF($B15="","",IF(OR($J$1="",$J$2=""),$B$1+2*$B$2,$J$1+2*$J$2)) -> 3.4813113 | J15: =IF($B15="","",IF(OR($J$1="",$J$2=""),$B$1+3*$B$2,$J$1+3*$J$2)) -> 4.5114406 | K15: =IF($B15="","",$C$1-3*$C$2) -> -0.61427337 | L15: =IF($B15="","",$C$1-2*$C$2) -> -0.40512961 | M15: =IF($B15="","",$C$1-$C$2) -> -0.19598586 | N15: =IF($B15="","",$C$1) -> 0.013157895 | O15: =IF($B15="","",$C$1+1*$C$2) -> 0.22230165 | P15: =IF($B15="","",$C$1+2*$C$2) -> 0.4314454 | Q15: =IF($B15="","",$C$1+3*$C$2) -> 0.64058915
A16: 45017 | B16: =IF('Catalogo de Variaveis'!I21="","",SUM('Catalogo de Variaveis'!I18:I21)) -> 0 | C16: =IFERROR(IF($B16="","",AVERAGE('Catalogo de Variaveis'!I21-'Catalogo de Variaveis'!I20,'Catalogo de Variaveis'!I20-'Catalogo de Variaveis'!I19,'Catalogo de Variaveis'!I19-'Catalogo de Variaveis'!I18,'Catalogo de Variaveis'!I18-'Catalogo de Variaveis'!I17)),0) -> -0.25 | D16: =IF($B16="","",IF(OR($J$1="",$J$2=""),$B$1-3*$B$2,$J$1-3*$J$2)) -> -1.6693353 | E16: =IF($B16="","",IF(OR($J$1="",$J$2=""),$B$1-2*$B$2,$J$1-2*$J$2)) -> -0.63920602 | F16: =IF($B16="","",IF(OR($J$1="",$J$2=""),$B$1-$B$2,$J$1-$J$2)) -> 0.3909233 | G16: =IF($B16="","",IF(OR($J$1="",$J$2=""),$B$1,$J$1)) -> 1.4210526 | H16: =IF($B16="","",IF(OR($J$1="",$J$2=""),$B$1+$B$2,$J$1+$J$2)) -> 2.451182 | I16: =IF($B16="","",IF(OR($J$1="",$J$2=""),$B$1+2*$B$2,$J$1+2*$J$2)) -> 3.4813113 | J16: =IF($B16="","",IF(OR($J$1="",$J$2=""),$B$1+3*$B$2,$J$1+3*$J$2)) -> 4.5114406 | K16: =IF($B16="","",$C$1-3*$C$2) -> -0.61427337 | L16: =IF($B16="","",$C$1-2*$C$2) -> -0.40512961 | M16: =IF($B16="","",$C$1-$C$2) -> -0.19598586 | N16: =IF($B16="","",$C$1) -> 0.013157895 | O16: =IF($B16="","",$C$1+1*$C$2) -> 0.22230165 | P16: =IF($B16="","",$C$1+2*$C$2) -> 0.4314454 | Q16: =IF($B16="","",$C$1+3*$C$2) -> 0.64058915
A17: 45047 | B17: =IF('Catalogo de Variaveis'!I22="","",SUM('Catalogo de Variaveis'!I19:I22)) -> 0 | C17: =IFERROR(IF($B17="","",AVERAGE('Catalogo de Variaveis'!I22-'Catalogo de Variaveis'!I21,'Catalogo de Variaveis'!I21-'Catalogo de Variaveis'!I20,'Catalogo de Variaveis'!I20-'Catalogo de Variaveis'!I19,'Catalogo de Variaveis'!I19-'Catalogo de Variaveis'!I18)),0) -> 0 | D17: =IF($B17="","",IF(OR($J$1="",$J$2=""),$B$1-3*$B$2,$J$1-3*$J$2)) -> -1.6693353 | E17: =IF($B17="","",IF(OR($J$1="",$J$2=""),$B$1-2*$B$2,$J$1-2*$J$2)) -> -0.63920602 | F17: =IF($B17="","",IF(OR($J$1="",$J$2=""),$B$1-$B$2,$J$1-$J$2)) -> 0.3909233 | G17: =IF($B17="","",IF(OR($J$1="",$J$2=""),$B$1,$J$1)) -> 1.4210526 | H17: =IF($B17="","",IF(OR($J$1="",$J$2=""),$B$1+$B$2,$J$1+$J$2)) -> 2.451182 | I17: =IF($B17="","",IF(OR($J$1="",$J$2=""),$B$1+2*$B$2,$J$1+2*$J$2)) -> 3.4813113 | J17: =IF($B17="","",IF(OR($J$1="",$J$2=""),$B$1+3*$B$2,$J$1+3*$J$2)) -> 4.5114406 | K17: =IF($B17="","",$C$1-3*$C$2) -> -0.61427337 | L17: =IF($B17="","",$C$1-2*$C$2) -> -0.40512961 | M17: =IF($B17="","",$C$1-$C$2) -> -0.19598586 | N17: =IF($B17="","",$C$1) -> 0.013157895 | O17: =IF($B17="","",$C$1+1*$C$2) -> 0.22230165 | P17: =IF($B17="","",$C$1+2*$C$2) -> 0.4314454 | Q17: =IF($B17="","",$C$1+3*$C$2) -> 0.64058915
A18: 45078 | B18: =IF('Catalogo de Variaveis'!I23="","",SUM('Catalogo de Variaveis'!I20:I23)) -> 2 | C18: =IFERROR(IF($B18="","",AVERAGE('Catalogo de Variaveis'!I23-'Catalogo de Variaveis'!I22,'Catalogo de Variaveis'!I22-'Catalogo de Variaveis'!I21,'Catalogo de Variaveis'!I21-'Catalogo de Variaveis'!I20,'Catalogo de Variaveis'!I20-'Catalogo de Variaveis'!I19)),0) -> 0.5 | D18: =IF($B18="","",IF(OR($J$1="",$J$2=""),$B$1-3*$B$2,$J$1-3*$J$2)) -> -1.6693353 | E18: =IF($B18="","",IF(OR($J$1="",$J$2=""),$B$1-2*$B$2,$J$1-2*$J$2)) -> -0.63920602 | F18: =IF($B18="","",IF(OR($J$1="",$J$2=""),$B$1-$B$2,$J$1-$J$2)) -> 0.3909233 | G18: =IF($B18="","",IF(OR($J$1="",$J$2=""),$B$1,$J$1)) -> 1.4210526 | H18: =IF($B18="","",IF(OR($J$1="",$J$2=""),$B$1+$B$2,$J$1+$J$2)) -> 2.451182 | I18: =IF($B18="","",IF(OR($J$1="",$J$2=""),$B$1+2*$B$2,$J$1+2*$J$2)) -> 3.4813113 | J18: =IF($B18="","",IF(OR($J$1="",$J$2=""),$B$1+3*$B$2,$J$1+3*$J$2)) -> 4.5114406 | K18: =IF($B18="","",$C$1-3*$C$2) -> -0.61427337 | L18: =IF($B18="","",$C$1-2*$C$2) -> -0.40512961 | M18: =IF($B18="","",$C$1-$C$2) -> -0.19598586 | N18: =IF($B18="","",$C$1) -> 0.013157895 | O18: =IF($B18="","",$C$1+1*$C$2) -> 0.22230165 | P18: =IF($B18="","",$C$1+2*$C$2) -> 0.4314454 | Q18: =IF($B18="","",$C$1+3*$C$2) -> 0.64058915
A19: 45108 | B19: =IF('Catalogo de Variaveis'!I24="","",SUM('Catalogo de Variaveis'!I21:I24)) -> 3 | C19: =IFERROR(IF($B19="","",AVERAGE('Catalogo de Variaveis'!I24-'Catalogo de Variaveis'!I23,'Catalogo de Variaveis'!I23-'Catalogo de Variaveis'!I22,'Catalogo de Variaveis'!I22-'Catalogo de Variaveis'!I21,'Catalogo de Variaveis'!I21-'Catalogo de Variaveis'!I20)),0) -> 0.25 | D19: =IF($B19="","",IF(OR($J$1="",$J$2=""),$B$1-3*$B$2,$J$1-3*$J$2)) -> -1.6693353 | E19: =IF($B19="","",IF(OR($J$1="",$J$2=""),$B$1-2*$B$2,$J$1-2*$J$2)) -> -0.63920602 | F19: =IF($B19="","",IF(OR($J$1="",$J$2=""),$B$1-$B$2,$J$1-$J$2)) -> 0.3909233 | G19: =IF($B19="","",IF(OR($J$1="",$J$2=""),$B$1,$J$1)) -> 1.4210526 | H19: =IF($B19="","",IF(OR($J$1="",$J$2=""),$B$1+$B$2,$J$1+$J$2)) -> 2.451182 | I19: =IF($B19="","",IF(OR($J$1="",$J$2=""),$B$1+2*$B$2,$J$1+2*$J$2)) -> 3.4813113 | J19: =IF($B19="","",IF(OR($J$1="",$J$2=""),$B$1+3*$B$2,$J$1+3*$J$2)) -> 4.5114406 | K19: =IF($B19="","",$C$1-3*$C$2) -> -0.61427337 | L19: =IF($B19="","",$C$1-2*$C$2) -> -0.40512961 | M19: =IF($B19="","",$C$1-$C$2) -> -0.19598586 | N19: =IF($B19="","",$C$1) -> 0.013157895 | O19: =IF($B19="","",$C$1+1*$C$2) -> 0.22230165 | P19: =IF($B19="","",$C$1+2*$C$2) -> 0.4314454 | Q19: =IF($B19="","",$C$1+3*$C$2) -> 0.64058915
A20: 45139 | B20: =IF('Catalogo de Variaveis'!I25="","",SUM('Catalogo de Variaveis'!I22:I25)) -> 3 | C20: =IFERROR(IF($B20="","",AVERAGE('Catalogo de Variaveis'!I25-'Catalogo de Variaveis'!I24,'Catalogo de Variaveis'!I24-'Catalogo de Variaveis'!I23,'Catalogo de Variaveis'!I23-'Catalogo de Variaveis'!I22,'Catalogo de Variaveis'!I22-'Catalogo de Variaveis'!I21)),0) -> 0 | D20: =IF($B20="","",IF(OR($J$1="",$J$2=""),$B$1-3*$B$2,$J$1-3*$J$2)) -> -1.6693353 | E20: =IF($B20="","",IF(OR($J$1="",$J$2=""),$B$1-2*$B$2,$J$1-2*$J$2)) -> -0.63920602 | F20: =IF($B20="","",IF(OR($J$1="",$J$2=""),$B$1-$B$2,$J$1-$J$2)) -> 0.3909233 | G20: =IF($B20="","",IF(OR($J$1="",$J$2=""),$B$1,$J$1)) -> 1.4210526 | H20: =IF($B20="","",IF(OR($J$1="",$J$2=""),$B$1+$B$2,$J$1+$J$2)) -> 2.451182 | I20: =IF($B20="","",IF(OR($J$1="",$J$2=""),$B$1+2*$B$2,$J$1+2*$J$2)) -> 3.4813113 | J20: =IF($B20="","",IF(OR($J$1="",$J$2=""),$B$1+3*$B$2,$J$1+3*$J$2)) -> 4.5114406 | K20: =IF($B20="","",$C$1-3*$C$2) -> -0.61427337 | L20: =IF($B20="","",$C$1-2*$C$2) -> -0.40512961 | M20: =IF($B20="","",$C$1-$C$2) -> -0.19598586 | N20: =IF($B20="","",$C$1) -> 0.013157895 | O20: =IF($B20="","",$C$1+1*$C$2) -> 0.22230165 | P20: =IF($B20="","",$C$1+2*$C$2) -> 0.4314454 | Q20: =IF($B20="","",$C$1+3*$C$2) -> 0.64058915
... A96: 47453 | B96: =IF('Catalogo de Variaveis'!I101="","",SUM('Catalogo de Variaveis'!I98:I101)) | C96: =IFERROR(IF($B96="","",AVERAGE('Catalogo de Variaveis'!I101-'Catalogo de Variaveis'!I100,'Catalogo de Variaveis'!I100-'Catalogo de Variaveis'!I99,'Catalogo de Variaveis'!I99-'Catalogo de Variaveis'!I98,'Catalogo de Variaveis'!I98-'Catalogo de Variaveis'!I97)),0) | D96: =IF($B96="","",IF(OR($J$1="",$J$2=""),$B$1-3*$B$2,$J$1-3*$J$2)) | E96: =IF($B96="","",IF(OR($J$1="",$J$2=""),$B$1-2*$B$2,$J$1-2*$J$2)) | F96: =IF($B96="","",IF(OR($J$1="",$J$2=""),$B$1-$B$2,$J$1-$J$2)) | G96: =IF($B96="","",IF(OR($J$1="",$J$2=""),$B$1,$J$1)) | H96: =IF($B96="","",IF(OR($J$1="",$J$2=""),$B$1+$B$2,$J$1+$J$2)) | I96: =IF($B96="","",IF(OR($J$1="",$J$2=""),$B$1+2*$B$2,$J$1+2*$J$2)) | J96: =IF($B96="","",IF(OR($J$1="",$J$2=""),$B$1+3*$B$2,$J$1+3*$J$2)) | K96: =IF($B96="","",$C$1-3*$C$2) | L96: =IF($B96="","",$C$1-2*$C$2) | M96: =IF($B96="","",$C$1-$C$2) | N96: =IF($B96="","",$C$1) | O96: =IF($B96="","",$C$1+1*$C$2) | P96: =IF($B96="","",$C$1+2*$C$2) | Q96: =IF($B96="","",$C$1+3*$C$2)

Sheet V04
A1: Média | B1: =AVERAGE(B9:B1048576) -> 57.631579 | C1: =AVERAGE(C9:C1048576) -> 0.42105263 | I1: LME | J1: =IF(LME="","",LME)
A2: Desvio Padrão | B2: =_xlfn.STDEV.S(B9:B1048576) -> 18.623468 | C2: =_xlfn.STDEV.S(C9:C1048576) -> 2.4646866 | I2: VME | J2: =IF(VME="","",VME/3)
A3: Máximo | B3: =MAX(B9:B1048576) -> 103 | C3: =MAX(C9:C1048576) -> 4.25
A4: Mínimo | B4: =MIN(B9:B1048576) -> 16 | C4: =MIN(C9:C1048576) -> -6
A5: V04 - NÚMERO DE DENÚNCIAS APURADAS E TRATADAS NO ÂMBITO DA PRGI E CECC NO PERÍODO DE REFERÊNCIA
A7: DADOS | D7: SOMA | K7: AMPLITUDE
A8: Período | B8: Soma | C8: Amplitude | D8: LIC | E8: L2I | F8: L1I | G8: LMC | H8: L1S | I8: L2S | J8: LSC | K8: LIC | L8: L2I | M8: L1I | N8: LMC | O8: L1S | P8: L2S | Q8: LSC
A9: 44805 | B9: =IF('Catalogo de Variaveis'!J14="","",SUM('Catalogo de Variaveis'!J11:J14)) -> 16 | C9: =IFERROR(IF($B9="","",AVERAGE('Catalogo de Variaveis'!J14-'Catalogo de Variaveis'!J13,'Catalogo de Variaveis'!J13-'Catalogo de Variaveis'!J12,'Catalogo de Variaveis'!J12-'Catalogo de Variaveis'!J11,'Catalogo de Variaveis'!J11-'Catalogo de Variaveis'!J10)),0) -> 4 | D9: =IF($B9="","",IF(OR($J$1="",$J$2=""),$B$1-3*$B$2,$J$1-3*$J$2)) -> 1.7611741 | E9: =IF($B9="","",IF(OR($J$1="",$J$2=""),$B$1-2*$B$2,$J$1-2*$J$2)) -> 20.384642 | F9: =IF($B9="","",IF(OR($J$1="",$J$2=""),$B$1-$B$2,$J$1-$J$2)) -> 39.008111 | G9: =IF($B9="","",IF(OR($J$1="",$J$2=""),$B$1,$J$1)) -> 57.631579 | H9: =IF($B9="","",IF(OR($J$1="",$J$2=""),$B$1+$B$2,$J$1+$J$2)) -> 76.255047 | I9: =IF($B9="","",IF(OR($J$1="",$J$2=""),$B$1+2*$B$2,$J$1+2*$J$2)) -> 94.878515 | J9: =IF($B9="","",IF(OR($J$1="",$J$2=""),$B$1+3*$B$2,$J$1+3*$J$2)) -> 113.50198 | K9: =IF($B9="","",$C$1-3*$C$2) -> -6.9730071 | L9: =IF($B9="","",$C$1-2*$C$2) -> -4.5083205 | M9: =IF($B9="","",$C$1-$C$2) -> -2.0436339 | N9: =IF($B9="","",$C$1) -> 0.42105263 | O9: =IF($B9="","",$C$1+1*$C$2) -> 2.8857392 | P9: =IF($B9="","",$C$1+2*$C$2) -> 5.3504258 | Q9: =IF($B9="","",$C$1+3*$C$2) -> 7.8151124
A10: 44835 | B10: =IF('Catalogo de Variaveis'!J15="","",SUM('Catalogo de Variaveis'!J12:J15)) -> 29 | C10: =IFERROR(IF($B10="","",AVERAGE('Catalogo de Variaveis'!J15-'Catalogo de Variaveis'!J14,'Catalogo de Variaveis'!J14-'Catalogo de Variaveis'!J13,'Catalogo de Variaveis'!J13-'Catalogo de Variaveis'!J12,'Catalogo de Variaveis'!J12-'Catalogo de Variaveis'!J11)),0) -> 3.25 | D10: =IF($B10="","",IF(OR($J$1="",$J$2=""),$B$1-3*$B$2,$J$1-3*$J$2)) -> 1.7611741 | E10: =IF($B10="","",IF(OR($J$1="",$J$2=""),$B$1-2*$B$2,$J$1-2*$J$2)) -> 20.384642 | F10: =IF($B10="","",IF(OR($J$1="",$J$2=""),$B$1-$B$2,$J$1-$J$2)) -> 39.008111 | G10: =IF($B10="","",IF(OR($J$1="",$J$2=""),$B$1,$J$1)) -> 57.631579 | H10: =IF($B10="","",IF(OR($J$1="",$J$2=""),$B$1+$B$2,$J$1+$J$2)) -> 76.255047 | I10: =IF($B10="","",IF(OR($J$1="",$J$2=""),$B$1+2*$B$2,$J$1+2*$J$2)) -> 94.878515 | J10: =IF($B10="","",IF(OR($J$1="",$J$2=""),$B$1+3*$B$2,$J$1+3*$J$2)) -> 113.50198 | K10: =IF($B10="","",$C$1-3*$C$2) -> -6.9730071 | L10: =IF($B10="","",$C$1-2*$C$2) -> -4.5083205 | M10: =IF($B10="","",$C$1-$C$2) -> -2.0436339 | N10: =IF($B10="","",$C$1) -> 0.42105263 | O10: =IF($B10="","",$C$1+1*$C$2) -> 2.8857392 | P10: =IF($B10="","",$C$1+2*$C$2) -> 5.3504258 | Q10: =IF($B10="","",$C$1+3*$C$2) -> 7.8151124
A11: 44866 | B11: =IF('Catalogo de Variaveis'!J16="","",SUM('Catalogo de Variaveis'!J13:J16)) -> 38 | C11: =IFERROR(IF($B11="","",AVERAGE('Catalogo de Variaveis'!J16-'Catalogo de Variaveis'!J15,'Catalogo de Variaveis'!J15-'Catalogo de Variaveis'!J14,'Catalogo de Variaveis'!J14-'Catalogo de Variaveis'!J13,'Catalogo de Variaveis'!J13-'Catalogo de Variaveis'!J12)),0) -> 2.25 | D11: =IF($B11="","",IF(OR($J$1="",$J$2=""),$B$1-3*$B$2,$J$1-3*$J$2)) -> 1.7611741 | E11: =IF($B11="","",IF(OR($J$1="",$J$2=""),$B$1-2*$B$2,$J$1-2*$J$2)) -> 20.384642 | F11: =IF($B11="","",IF(OR($J$1="",$J$2=""),$B$1-$B$2,$J$1-$J$2)) -> 39.008111 | G11: =IF($B11="","",IF(OR($J$1="",$J$2=""),$B$1,$J$1)) -> 57.631579 | H11: =IF($B11="","",IF(OR($J$1="",$J$2=""),$B$1+$B$2,$J$1+$J$2)) -> 76.255047 | I11: =IF($B11="","",IF(OR($J$1="",$J$2=""),$B$1+2*$B$2,$J$1+2*$J$2)) -> 94.878515 | J11: =IF($B11="","",IF(OR($J$1="",$J$2=""),$B$1+3*$B$2,$J$1+3*$J$2)) -> 113.50198 | K11: =IF($B11="","",$C$1-3*$C$2) -> -6.9730071 | L11: =IF($B11="","",$C$1-2*$C$2) -> -4.5083205 | M11: =IF($B11="","",$C$1-$C$2) -> -2.0436339 | N11: =IF($B11="","",$C$1) -> 0.42105263 | O11: =IF($B11="","",$C$1+1*$C$2) -> 2.8857392 | P11: =IF($B11="","",$C$1+2*$C$2) -> 5.3504258 | Q11: =IF($B11="","",$C$1+3*$C$2) -> 7.8151124
A12: 44896 | B12: =IF('Catalogo de Variaveis'!J17="","",SUM('Catalogo de Variaveis'!J14:J17)) -> 45 | C12: =IFERROR(IF($B12="","",AVERAGE('Catalogo de Variaveis'!J17-'Catalogo de Variaveis'!J16,'Catalogo de Variaveis'!J16-'Catalogo de Variaveis'!J15,'Catalogo de Variaveis'!J15-'Catalogo de Variaveis'!J14,'Catalogo de Variaveis'!J14-'Catalogo de Variaveis'!J13)),0) -> 1.75 | D12: =IF($B12="","",IF(OR($J$1="",$J$2=""),$B$1-3*$B$2,$J$1-3*$J$2)) -> 1.7611741 | E12: =IF($B12="","",IF(OR($J$1="",$J$2=""),$B$1-2*$B$2,$J$1-2*$J$2)) -> 20.384642 | F12: =IF($B12="","",IF(OR($J$1="",$J$2=""),$B$1-$B$2,$J$1-$J$2)) -> 39.008111 | G12: =IF($B12="","",IF(OR($J$1="",$J$2=""),$B$1,$J$1)) -> 57.631579 | H12: =IF($B12="","",IF(OR($J$1="",$J$2=""),$B$1+$B$2,$J$1+$J$2)) -> 76.255047 | I12: =IF($B12="","",IF(OR($J$1="",$J$2=""),$B$1+2*$B$2,$J$1+2*$J$2)) -> 94.878515 | J12: =IF($B12="","",IF(OR($J$1="",$J$2=""),$B$1+3*$B$2,$J$1+3*$J$2)) -> 113.50198 | K12: =IF($B12="","",$C$1-3*$C$2) -> -6.9730071 | L12: =IF($B12="","",$C$1-2*$C$2) -> -4.5083205 | M12: =IF($B12="","",$C$1-$C$2) -> -2.0436339 | N12: =IF($B12="","",$C$1) -> 0.42105263 | O12: =IF($B12="","",$C$1+1*$C$2) -> 2.8857392 | P12: =IF($B12="","",$C$1+2*$C$2) -> 5.3504258 | Q12: =IF($B12="","",$C$1+3*$C$2) -> 7.8151124
A13: 44927 | B13: =IF('Catalogo de Variaveis'!J18="","",SUM('Catalogo de Variaveis'!J15:J18)) -> 35 | C13: =IFERROR(IF($B13="","",AVERAGE('Catalogo de Variaveis'!J18-'Catalogo de Variaveis'!J17,'Catalogo de Variaveis'!J17-'Catalogo de Variaveis'!J16,'Catalogo de Variaveis'!J16-'Catalogo de Variaveis'!J15,'Catalogo de Variaveis'!J15-'Catalogo de Variaveis'!J14)),0) -> -2.5 | D13: =IF($B13="","",IF(OR($J$1="",$J$2=""),$B$1-3*$B$2,$J$1-3*$J$2)) -> 1.7611741 | E13: =IF($B13="","",IF(OR($J$1="",$J$2=""),$B$1-2*$B$2,$J$1-2*$J$2)) -> 20.384642 | F13: =IF($B13="","",IF(OR($J$1="",$J$2=""),$B$1-$B$2,$J$1-$J$2)) -> 39.008111 | G13: =IF($B13="","",IF(OR($J$1="",$J$2=""),$B$1,$J$1)) -> 57.631579 | H13: =IF($B13="","",IF(OR($J$1="",$J$2=""),$B$1+$B$2,$J$1+$J$2)) -> 76.255047 | I13: =IF($B13="","",IF(OR($J$1="",$J$2=""),$B$1+2*$B$2,$J$1+2*$J$2)) -> 94.878515 | J13: =IF($B13="","",IF(OR($J$1="",$J$2=""),$B$1+3*$B$2,$J$1+3*$J$2)) -> 113.50198 | K13: =IF($B13="","",$C$1-3*$C$2) -> -6.9730071 | L13: =IF($B13="","",$C$1-2*$C$2) -> -4.5083205 | M13: =IF($B13="","",$C$1-$C$2) -> -2.0436339 | N13: =IF($B13="","",$C$1) -> 0.42105263 | O13: =IF($B13="","",$C$1+1*$C$2) -> 2.8857392 | P13: =IF($B13="","",$C$1+2*$C$2) -> 5.3504258 | Q13: =IF($B13="","",$C$1+3*$C$2) -> 7.8151124
A14: 44958 | B14: =IF('Catalogo de Variaveis'!J19="","",SUM('Catalogo de Variaveis'!J16:J19)) -> 36 | C14: =IFERROR(IF($B14="","",AVERAGE('Catalogo de Variaveis'!J19-'Catalogo de Variaveis'!J18,'Catalogo de Variaveis'!J18-'Catalogo de Variaveis'!J17,'Catalogo de Variaveis'!J17-'Catalogo de Variaveis'!J16,'Catalogo de Variaveis'!J16-'Catalogo de Variaveis'!J15)),0) -> 0.25 | D14: =IF($B14="","",IF(OR($J$1="",$J$2=""),$B$1-3*$B$2,$J$1-3*$J$2)) -> 1.7611741 | E14: =IF($B14="","",IF(OR($J$1="",$J$2=""),$B$1-2*$B$2,$J$1-2*$J$2)) -> 20.384642 | F14: =IF($B14="","",IF(OR($J$1="",$J$2=""),$B$1-$B$2,$J$1-$J$2)) -> 39.008111 | G14: =IF($B14="","",IF(OR($J$1="",$J$2=""),$B$1,$J$1)) -> 57.631579 | H14: =IF($B14="","",IF(OR($J$1="",$J$2=""),$B$1+$B$2,$J$1+$J$2)) -> 76.255047 | I14: =IF($B14="","",IF(OR($J$1="",$J$2=""),$B$1+2*$B$2,$J$1+2*$J$2)) -> 94.878515 | J14: =IF($B14="","",IF(OR($J$1="",$J$2=""),$B$1+3*$B$2,$J$1+3*$J$2)) -> 113.50198 | K14: =IF($B14="","",$C$1-3*$C$2) -> -6.9730071 | L14: =IF($B14="","",$C$1-2*$C$2) -> -4.5083205 | M14: =IF($B14="","",$C$1-$C$2) -> -2.0436339 | N14: =IF($B14="","",$C$1) -> 0.42105263 | O14: =IF($B14="","",$C$1+1*$C$2) -> 2.8857392 | P14: =IF($B14="","",$C$1+2*$C$2) -> 5.3504258 | Q14: =IF($B14="","",$C$1+3*$C$2) -> 7.8151124
A15: 44986 | B15: =IF('Catalogo de Variaveis'!J20="","",SUM('Catalogo de Variaveis'!J17:J20)) -> 38 | C15: =IFERROR(IF($B15="","",AVERAGE('Catalogo de Variaveis'!J20-'Catalogo de Variaveis'!J19,'Catalogo de Variaveis'!J19-'Catalogo de Variaveis'!J18,'Catalogo de Variaveis'!J18-'Catalogo de Variaveis'!J17,'Catalogo de Variaveis'!J17-'Catalogo de Variaveis'!J16)),0) -> 0.5 | D15: =IF($B15="","",IF(OR($J$1="",$J$2=""),$B$1-3*$B$2,$J$1-3*$J$2)) -> 1.7611741 | E15: =IF($B15="","",IF(OR($J$1="",$J$2=""),$B$1-2*$B$2,$J$1-2*$J$2)) -> 20.384642 | F15: =IF($B15="","",IF(OR($J$1="",$J$2=""),$B$1-$B$2,$J$1-$J$2)) -> 39.008111 | G15: =IF($B15="","",IF(OR($J$1="",$J$2=""),$B$1,$J$1)) -> 57.631579 | H15: =IF($B15="","",IF(OR($J$1="",$J$2=""),$B$1+$B$2,$J$1+$J$2)) -> 76.255047 | I15: =IF($B15="","",IF(OR($J$1="",$J$2=""),$B$1+2*$B$2,$J$1+2*$J$2)) -> 94.878515 | J15: =IF($B15="","",IF(OR($J$1="",$J$2=""),$B$1+3*$B$2,$J$1+3*$J$2)) -> 113.50198 | K15: =IF($B15="","",$C$1-3*$C$2) -> -6.9730071 | L15: =IF($B15="","",$C$1-2*$C$2) -> -4.5083205 | M15: =IF($B15="","",$C$1-$C$2) -> -2.0436339 | N15: =IF($B15="","",$C$1) -> 0.42105263 | O15: =IF($B15="","",$C$1+1*$C$2) -> 2.8857392 | P15: =IF($B15="","",$C$1+2*$C$2) -> 5.3504258 | Q15: =IF($B15="","",$C$1+3*$C$2) -> 7.8151124
A16: 45017 | B16: =IF('Catalogo de Variaveis'!J21="","",SUM('Catalogo de Variaveis'!J18:J21)) -> 43 | C16: =IFERROR(IF($B16="","",AVERAGE('Catalogo de Variaveis'!J21-'Catalogo de Variaveis'!J20,'Catalogo de Variaveis'!J20-'Catalogo de Variaveis'!J19,'Catalogo de Variaveis'!J19-'Catalogo de Variaveis'!J18,'Catalogo de Variaveis'!J18-'Catalogo de Variaveis'!J17)),0) -> 1.25 | D16: =IF($B16="","",IF(OR($J$1="",$J$2=""),$B$1-3*$B$2,$J$1-3*$J$2)) -> 1.7611741 | E16: =IF($B16="","",IF(OR($J$1="",$J$2=""),$B$1-2*$B$2,$J$1-2*$J$2)) -> 20.384642 | F16: =IF($B16="","",IF(OR($J$1="",$J$2=""),$B$1-$B$2,$J$1-$J$2)) -> 39.008111 | G16: =IF($B16="","",IF(OR($J$1="",$J$2=""),$B$1,$J$1)) -> 57.631579 | H16: =IF($B16="","",IF(OR($J$1="",$J$2=""),$B$1+$B$2,$J$1+$J$2)) -> 76.255047 | I16: =IF($B16="","",IF(OR($J$1="",$J$2=""),$B$1+2*$B$2,$J$1+2*$J$2)) -> 94.878515 | J16: =IF($B16="","",IF(OR($J$1="",$J$2=""),$B$1+3*$B$2,$J$1+3*$J$2)) -> 113.50198 | K16: =IF($B16="","",$C$1-3*$C$2) -> -6.9730071 | L16: =IF($B16="","",$C$1-2*$C$2) -> -4.5083205 | M16: =IF($B16="","",$C$1-$C$2) -> -2.0436339 | N16: =IF($B16="","",$C$1) -> 0.42105263 | O16: =IF($B16="","",$C$1+1*$C$2) -> 2.8857392 | P16: =IF($B16="","",$C$1+2*$C$2) -> 5.3504258 | Q16: =IF($B16="","",$C$1+3*$C$2) -> 7.8151124
A17: 45047 | B17: =IF('Catalogo de Variaveis'!J22="","",SUM('Catalogo de Variaveis'!J19:J22)) -> 52 | C17: =IFERROR(IF($B17="","",AVERAGE('Catalogo de Variaveis'!J22-'Catalogo de Variaveis'!J21,'Catalogo de Variaveis'!J21-'Catalogo de Variaveis'!J20,'Catalogo de Variaveis'!J20-'Catalogo de Variaveis'!J19,'Catalogo de Variaveis'!J19-'Catalogo de Variaveis'!J18)),0) -> 2.25 | D17: =IF($B17="","",IF(OR($J$1="",$J$2=""),$B$1-3*$B$2,$J$1-3*$J$2)) -> 1.7611741 | E17: =IF($B17="","",IF(OR($J$1="",$J$2=""),$B$1-2*$B$2,$J$1-2*$J$2)) -> 20.384642 | F17: =IF($B17="","",IF(OR($J$1="",$J$2=""),$B$1-$B$2,$J$1-$J$2)) -> 39.008111 | G17: =IF($B17="","",IF(OR($J$1="",$J$2=""),$B$1,$J$1)) -> 57.631579 | H17: =IF($B17="","",IF(OR($J$1="",$J$2=""),$B$1+$B$2,$J$1+$J$2)) -> 76.255047 | I17: =IF($B17="","",IF(OR($J$1="",$J$2=""),$B$1+2*$B$2,$J$1+2*$J$2)) -> 94.878515 | J17: =IF($B17="","",IF(OR($J$1="",$J$2=""),$B$1+3*$B$2,$J$1+3*$J$2)) -> 113.50198 | K17: =IF($B17="","",$C$1-3*$C$2) -> -6.9730071 | L17: =IF($B17="","",$C$1-2*$C$2) -> -4.5083205 | M17: =IF($B17="","",$C$1-$C$2) -> -2.0436339 | N17: =IF($B17="","",$C$1) -> 0.42105263 | O17: =IF($B17="","",$C$1+1*$C$2) -> 2.8857392 | P17: =IF($B17="","",$C$1+2*$C$2) -> 5.3504258 | Q17: =IF($B17="","",$C$1+3*$C$2) -> 7.8151124
A18: 45078 | B18: =IF('Catalogo de Variaveis'!J23="","",SUM('Catalogo de Variaveis'!J20:J23)) -> 47 | C18: =IFERROR(IF($B18="","",AVERAGE('Catalogo de Variaveis'!J23-'Catalogo de Variaveis'!J22,'Catalogo de Variaveis'!J22-'Catalogo de Variaveis'!J21,'Catalogo de Variaveis'!J21-'Catalogo de Variaveis'!J20,'Catalogo de Variaveis'!J20-'Catalogo de Variaveis'!J19)),0) -> -1.25 | D18: =IF($B18="","",IF(OR($J$1="",$J$2=""),$B$1-3*$B$2,$J$1-3*$J$2)) -> 1.7611741 | E18: =IF($B18="","",IF(OR($J$1="",$J$2=""),$B$1-2*$B$2,$J$1-2*$J$2)) -> 20.384642 | F18: =IF($B18="","",IF(OR($J$1="",$J$2=""),$B$1-$B$2,$J$1-$J$2)) -> 39.008111 | G18: =IF($B18="","",IF(OR($J$1="",$J$2=""),$B$1,$J$1)) -> 57.631579 | H18: =IF($B18="","",IF(OR($J$1="",$J$2=""),$B$1+$B$2,$J$1+$J$2)) -> 76.255047 | I18: =IF($B18="","",IF(OR($J$1="",$J$2=""),$B$1+2*$B$2,$J$1+2*$J$2)) -> 94.878515 | J18: =IF($B18="","",IF(OR($J$1="",$J$2=""),$B$1+3*$B$2,$J$1+3*$J$2)) -> 113.50198 | K18: =IF($B18="","",$C$1-3*$C$2) -> -6.9730071 | L18: =IF($B18="","",$C$1-2*$C$2) -> -4.5083205 | M18: =IF($B18="","",$C$1-$C$2) -> -2.0436339 | N18: =IF($B18="","",$C$1) -> 0.42105263 | O18: =IF($B18="","",$C$1+1*$C$2) -> 2.8857392 | P18: =IF($B18="","",$C$1+2*$C$2) -> 5.3504258 | Q18: =IF($B18="","",$C$1+3*$C$2) -> 7.8151124
A19: 45108 | B19: =IF('Catalogo de Variaveis'!J24="","",SUM('Catalogo de Variaveis'!J21:J24)) -> 52 | C19: =IFERROR(IF($B19="","",AVERAGE('Catalogo de Variaveis'!J24-'Catalogo de Variaveis'!J23,'Catalogo de Variaveis'!J23-'Catalogo de Variaveis'!J22,'Catalogo de Variaveis'!J22-'Catalogo de Variaveis'!J21,'Catalogo de Variaveis'!J21-'Catalogo de Variaveis'!J20)),0) -> 1.25 | D19: =IF($B19="","",IF(OR($J$1="",$J$2=""),$B$1-3*$B$2,$J$1-3*$J$2)) -> 1.7611741 | E19: =IF($B19="","",IF(OR($J$1="",$J$2=""),$B$1-2*$B$2,$J$1-2*$J$2)) -> 20.384642 | F19: =IF($B19="","",IF(OR($J$1="",$J$2=""),$B$1-$B$2,$J$1-$J$2)) -> 39.008111 | G19: =IF($B19="","",IF(OR($J$1="",$J$2=""),$B$1,$J$1)) -> 57.631579 | H19: =IF($B19="","",IF(OR($J$1="",$J$2=""),$B$1+$B$2,$J$1+$J$2)) -> 76.255047 | I19: =IF($B19="","",IF(OR($J$1="",$J$2=""),$B$1+2*$B$2,$J$1+2*$J$2)) -> 94.878515 | J19: =IF($B19="","",IF(OR($J$1="",$J$2=""),$B$1+3*$B$2,$J$1+3*$J$2)) -> 113.50198 | K19: =IF($B19="","",$C$1-3*$C$2) -> -6.9730071 | L19: =IF($B19="","",$C$1-2*$C$2) -> -4.5083205 | M19: =IF($B19="","",$C$1-$C$2) -> -2.0436339 | N19: =IF($B19="","",$C$1) -> 0.42105263 | O19: =IF($B19="","",$C$1+1*$C$2) -> 2.8857392 | P19: =IF($B19="","",$C$1+2*$C$2) -> 5.3504258 | Q19: =IF($B19="","",$C$1+3*$C$2) -> 7.8151124
A20: 45139 | B20: =IF('Catalogo de Variaveis'!J25="","",SUM('Catalogo de Variaveis'!J22:J25)) -> 54 | C20: =IFERROR(IF($B20="","",AVERAGE('Catalogo de Variaveis'!J25-'Catalogo de Variaveis'!J24,'Catalogo de Variaveis'!J24-'Catalogo de Variaveis'!J23,'Catalogo de Variaveis'!J23-'Catalogo de Variaveis'!J22,'Catalogo de Variaveis'!J22-'Catalogo de Variaveis'!J21)),0) -> 0.5 | D20: =IF($B20="","",IF(OR($J$1="",$J$2=""),$B$1-3*$B$2,$J$1-3*$J$2)) -> 1.7611741 | E20: =IF($B20="","",IF(OR($J$1="",$J$2=""),$B$1-2*$B$2,$J$1-2*$J$2)) -> 20.384642 | F20: =IF($B20="","",IF(OR($J$1="",$J$2=""),$B$1-$B$2,$J$1-$J$2)) -> 39.008111 | G20: =IF($B20="","",IF(OR($J$1="",$J$2=""),$B$1,$J$1)) -> 57.631579 | H20: =IF($B20="","",IF(OR($J$1="",$J$2=""),$B$1+$B$2,$J$1+$J$2)) -> 76.255047 | I20: =IF($B20="","",IF(OR($J$1="",$J$2=""),$B$1+2*$B$2,$J$1+2*$J$2)) -> 94.878515 | J20: =IF($B20="","",IF(OR($J$1="",$J$2=""),$B$1+3*$B$2,$J$1+3*$J$2)) -> 113.50198 | K20: =IF($B20="","",$C$1-3*$C$2) -> -6.9730071 | L20: =IF($B20="","",$C$1-2*$C$2) -> -4.5083205 | M20: =IF($B20="","",$C$1-$C$2) -> -2.0436339 | N20: =IF($B20="","",$C$1) -> 0.42105263 | O20: =IF($B20="","",$C$1+1*$C$2) -> 2.8857392 | P20: =IF($B20="","",$C$1+2*$C$2) -> 5.3504258 | Q20: =IF($B20="","",$C$1+3*$C$2) -> 7.8151124
... A96: 47453 | B96: =IF('Catalogo de Variaveis'!J101="","",SUM('Catalogo de Variaveis'!J98:J101)) | C96: =IFERROR(IF($B96="","",AVERAGE('Catalogo de Variaveis'!J101-'Catalogo de Variaveis'!J100,'Catalogo de Variaveis'!J100-'Catalogo de Variaveis'!J99,'Catalogo de Variaveis'!J99-'Catalogo de Variaveis'!J98,'Catalogo de Variaveis'!J98-'Catalogo de Variaveis'!J97)),0) | D96: =IF($B96="","",IF(OR($J$1="",$J$2=""),$B$1-3*$B$2,$J$1-3*$J$2)) | E96: =IF($B96="","",IF(OR($J$1="",$J$2=""),$B$1-2*$B$2,$J$1-2*$J$2)) | F96: =IF($B96="","",IF(OR($J$1="",$J$2=""),$B$1-$B$2,$J$1-$J$2)) | G96: =IF($B96="","",IF(OR($J$1="",$J$2=""),$B$1,$J$1)) | H96: =IF($B96="","",IF(OR($J$1="",$J$2=""),$B$1+$B$2,$J$1+$J$2)) | I96: =IF($B96="","",IF(OR($J$1="",$J$2=""),$B$1+2*$B$2,$J$1+2*$J$2)) | J96: =IF($B96="","",IF(OR($J$1="",$J$2=""),$B$1+3*$B$2,$J$1+3*$J$2)) | K96: =IF($B96="","",$C$1-3*$C$2) | L96: =IF($B96="","",$C$1-2*$C$2) | M96: =IF($B96="","",$C$1-$C$2) | N96: =IF($B96="","",$C$1) | O96: =IF($B96="","",$C$1+1*$C$2) | P96: =IF($B96="","",$C$1+2*$C$2) | Q96: =IF($B96="","",$C$1+3*$C$2)

Sheet V07
A1: Média | B1: =AVERAGE(B9:B1048576) -> 52.142857 | C1: =AVERAGE(C9:C1048576) -> 9 | I1: LME | J1: =IF(LME="","",LME)
A2: Desvio Padrão | B2: =_xlfn.STDEV.S(B9:B1048576) -> 52.148597 | C2: =_xlfn.STDEV.S(C9:C1048576) -> 76.221169 | I2: VME | J2: =IF(VME="","",VME/3)
A3: Máximo | B3: =MAX(B9:B1048576) -> 124 | C3: =MAX(C9:C1048576) -> 124
A4: Mínimo | B4: =MIN(B9:B1048576) -> 0 | C4: =MIN(C9:C1048576) -> -98
A5: V07 - QUANTIDADE DE EMPREGADOS E MEMBROS DOS ÓRGÃOS ESTATUTÁRIOS TREINADOS NO PROGRAMA DE INTEGRIDADE DA CAESB
A7: DADOS | D7: SOMA | K7: AMPLITUDE
A8: Período | B8: Soma | C8: Amplitude | D8: LIC | E8: L2I | F8: L1I | G8: LMC | H8: L1S | I8: L2S | J8: LSC | K8: LIC | L8: L2I | M8: L1I | N8: LMC | O8: L1S | P8: L2S | Q8: LSC
A9: 2022.03 | B9: =IF(A9="","",SUMIFS('Catalogo de Variaveis'!$M$5:$M$1048576,'Catalogo de Variaveis'!$A$5:$A$1048576,LEFT(A9,4),'Catalogo de Variaveis'!$D$5:$D$1048576,RIGHT(A9,1))) -> 0 | C9: =IFERROR(IF(A9="","",B9-B8),0) -> 0
A10: 2023.01 | B10: =IF(A10="","",SUMIFS('Catalogo de Variaveis'!$M$5:$M$1048576,'Catalogo de Variaveis'!$A$5:$A$1048576,LEFT(A10,4),'Catalogo de Variaveis'!$D$5:$D$1048576,RIGHT(A10,1))) -> 80 | C10: =IFERROR(IF(A10="","",B10-B9),0) -> 80
A11: 2023.02 | B11: =IF(A11="","",SUMIFS('Catalogo de Variaveis'!$M$5:$M$1048576,'Catalogo de Variaveis'!$A$5:$A$1048576,LEFT(A11,4),'Catalogo de Variaveis'!$D$5:$D$1048576,RIGHT(A11,1))) -> 98 | C11: =IFERROR(IF(A11="","",B11-B10),0) -> 18
A12: 2023.03 | B12: =IF(A12="","",SUMIFS('Catalogo de Variaveis'!$M$5:$M$1048576,'Catalogo de Variaveis'!$A$5:$A$1048576,LEFT(A12,4),'Catalogo de Variaveis'!$D$5:$D$1048576,RIGHT(A12,1))) -> 0 | C12: =IFERROR(IF(A12="","",B12-B11),0) -> -98
A13: 2024.01 | B13: =IF(A13="","",SUMIFS('Catalogo de Variaveis'!$M$5:$M$1048576,'Catalogo de Variaveis'!$A$5:$A$1048576,LEFT(A13,4),'Catalogo de Variaveis'!$D$5:$D$1048576,RIGHT(A13,1))) -> 0 | C13: =IFERROR(IF(A13="","",B13-B12),0) -> 0
A14: 2024.02 | B14: =IF(A14="","",SUMIFS('Catalogo de Variaveis'!$M$5:$M$1048576,'Catalogo de Variaveis'!$A$5:$A$1048576,LEFT(A14,4),'Catalogo de Variaveis'!$D$5:$D$1048576,RIGHT(A14,1))) -> 124 | C14: =IFERROR(IF(A14="","",B14-B13),0) -> 124
A15: 2024.03 | B15: =IF(A15="","",SUMIFS('Catalogo de Variaveis'!$M$5:$M$1048576,'Catalogo de Variaveis'!$A$5:$A$1048576,LEFT(A15,4),'Catalogo de Variaveis'!$D$5:$D$1048576,RIGHT(A15,1))) -> 63 | C15: =IFERROR(IF(A15="","",B15-B14),0) -> -61
B16: =IF(A16="","",SUMIFS('Catalogo de Variaveis'!$M$5:$M$1048576,'Catalogo de Variaveis'!$A$5:$A$1048576,LEFT(A16,4),'Catalogo de Variaveis'!$D$5:$D$1048576,RIGHT(A16,1))) | C16: =IFERROR(IF(A16="","",B16-B15),0)
B17: =IF(A17="","",SUMIFS('Catalogo de Variaveis'!$M$5:$M$1048576,'Catalogo de Variaveis'!$A$5:$A$1048576,LEFT(A17,4),'Catalogo de Variaveis'!$D$5:$D$1048576,RIGHT(A17,1))) | C17: =IFERROR(IF(A17="","",B17-B16),0)
B18: =IF(A18="","",SUMIFS('Catalogo de Variaveis'!$M$5:$M$1048576,'Catalogo de Variaveis'!$A$5:$A$1048576,LEFT(A18,4),'Catalogo de Variaveis'!$D$5:$D$1048576,RIGHT(A18,1))) | C18: =IFERROR(IF(A18="","",B18-B17),0)
B19: =IF(A19="","",SUMIFS('Catalogo de Variaveis'!$M$5:$M$1048576,'Catalogo de Variaveis'!$A$5:$A$1048576,LEFT(A19,4),'Catalogo de Variaveis'!$D$5:$D$1048576,RIGHT(A19,1))) | C19: =IFERROR(IF(A19="","",B19-B18),0)
B20: =IF(A20="","",SUMIFS('Catalogo de Variaveis'!$M$5:$M$1048576,'Catalogo de Variaveis'!$A$5:$A$1048576,LEFT(A20,4),'Catalogo de Variaveis'!$D$5:$D$1048576,RIGHT(A20,1))) | C20: =IFERROR(IF(A20="","",B20-B19),0)
B21: =IF(A21="","",SUMIFS('Catalogo de Variaveis'!$M$5:$M$1048576,'Catalogo de Variaveis'!$A$5:$A$1048576,LEFT(A21,4),'Catalogo de Variaveis'!$D$5:$D$1048576,RIGHT(A21,1))) | C21: =IFERROR(IF(A21="","",B21-B20),0)
B22: =IF(A22="","",SUMIFS('Catalogo de Variaveis'!$M$5:$M$1048576,'Catalogo de Variaveis'!$A$5:$A$1048576,LEFT(A22,4),'Catalogo de Variaveis'!$D$5:$D$1048576,RIGHT(A22,1))) | C22: =IFERROR(IF(A22="","",B22-B21),0)
B23: =IF(A23="","",SUMIFS('Catalogo de Variaveis'!$M$5:$M$1048576,'Catalogo de Variaveis'!$A$5:$A$1048576,LEFT(A23,4),'Catalogo de Variaveis'!$D$5:$D$1048576,RIGHT(A23,1))) | C23: =IFERROR(IF(A23="","",B23-B22),0)
B24: =IF(A24="","",SUMIFS('Catalogo de Variaveis'!$M$5:$M$1048576,'Catalogo de Variaveis'!$A$5:$A$1048576,LEFT(A24,4),'Catalogo de Variaveis'!$D$5:$D$1048576,RIGHT(A24,1))) | C24: =IFERROR(IF(A24="","",B24-B23),0)
B25: =IF(A25="","",SUMIFS('Catalogo de Variaveis'!$M$5:$M$1048576,'Catalogo de Variaveis'!$A$5:$A$1048576,LEFT(A25,4),'Catalogo de Variaveis'!$D$5:$D$1048576,RIGHT(A25,1))) | C25: =IFERROR(IF(A25="","",B25-B24),0)
B26: =IF(A26="","",SUMIFS('Catalogo de Variaveis'!$M$5:$M$1048576,'Catalogo de Variaveis'!$A$5:$A$1048576,LEFT(A26,4),'Catalogo de Variaveis'!$D$5:$D$1048576,RIGHT(A26,1))) | C26: =IFERROR(IF(A26="","",B26-B25),0)
B27: =IF(A27="","",SUMIFS('Catalogo de Variaveis'!$M$5:$M$1048576,'Catalogo de Variaveis'!$A$5:$A$1048576,LEFT(A27,4),'Catalogo de Variaveis'!$D$5:$D$1048576,RIGHT(A27,1))) | C27: =IFERROR(IF(A27="","",B27-B26),0)
... B60: =IF(A60="","",SUMIFS('Catalogo de Variaveis'!$M$5:$M$1048576,'Catalogo de Variaveis'!$A$5:$A$1048576,LEFT(A60,4),'Catalogo de Variaveis'!$D$5:$D$1048576,RIGHT(A60,1))) | C60: =IFERROR(IF(A60="","",B60-B59),0)

Sheet V08
A1: Média | B1: =AVERAGE(B9:B1048576) -> 41.142857 | C1: =AVERAGE(C9:C1048576) -> 9
A2: Desvio Padrão | B2: =_xlfn.STDEV.S(B9:B1048576) -> 41.82674 | C2: =_xlfn.STDEV.S(C9:C1048576) -> 57.416606
A3: Máximo | B3: =MAX(B9:B1048576) -> 106 | C3: =MAX(C9:C1048576) -> 106
A4: Mínimo | B4: =MIN(B9:B1048576) -> 0 | C4: =MIN(C9:C1048576) -> -65
A5: V08 - QUANTIDADE TOTAL DE EMPREGADOS E MEMBROS DOS ÓRGÃOS ESTATUTÁRIOS
A7: DADOS | D7: SOMA | K7: AMPLITUDE
A8: Período | B8: Soma | C8: Amplitude | D8: LIC | E8: L2I | F8: L1I | G8: LMC | H8: L1S | I8: L2S | J8: LSC | K8: LIC | L8: L2I | M8: L1I | N8: LMC | O8: L1S | P8: L2S | Q8: LSC
A9: 2022.03 | B9: =IF(A9="","",_xlfn.MAXIFS('Catalogo de Variaveis'!$N$5:$N$1048576,'Catalogo de Variaveis'!$A$5:$A$1048576,LEFT(A9,4),'Catalogo de Variaveis'!$D$5:$D$1048576,RIGHT(A9,1))) -> 0 | C9: =IFERROR(IF(A9="","",B9-B8),0) -> 0
A10: 2023.01 | B10: =IF(A10="","",_xlfn.MAXIFS('Catalogo de Variaveis'!$N$5:$N$1048576,'Catalogo de Variaveis'!$A$5:$A$1048576,LEFT(A10,4),'Catalogo de Variaveis'!$D$5:$D$1048576,RIGHT(A10,1))) -> 54 | C10: =IFERROR(IF(A10="","",B10-B9),0) -> 54
A11: 2023.02 | B11: =IF(A11="","",_xlfn.MAXIFS('Catalogo de Variaveis'!$N$5:$N$1048576,'Catalogo de Variaveis'!$A$5:$A$1048576,LEFT(A11,4),'Catalogo de Variaveis'!$D$5:$D$1048576,RIGHT(A11,1))) -> 65 | C11: =IFERROR(IF(A11="","",B11-B10),0) -> 11
A12: 2023.03 | B12: =IF(A12="","",_xlfn.MAXIFS('Catalogo de Variaveis'!$N$5:$N$1048576,'Catalogo de Variaveis'!$A$5:$A$1048576,LEFT(A12,4),'Catalogo de Variaveis'!$D$5:$D$1048576,RIGHT(A12,1))) -> 0 | C12: =IFERROR(IF(A12="","",B12-B11),0) -> -65
A13: 2024.01 | B13: =IF(A13="","",_xlfn.MAXIFS('Catalogo de Variaveis'!$N$5:$N$1048576,'Catalogo de Variaveis'!$A$5:$A$1048576,LEFT(A13,4),'Catalogo de Variaveis'!$D$5:$D$1048576,RIGHT(A13,1))) -> 0 | C13: =IFERROR(IF(A13="","",B13-B12),0) -> 0
A14: 2024.02 | B14: =IF(A14="","",_xlfn.MAXIFS('Catalogo de Variaveis'!$N$5:$N$1048576,'Catalogo de Variaveis'!$A$5:$A$1048576,LEFT(A14,4),'Catalogo de Variaveis'!$D$5:$D$1048576,RIGHT(A14,1))) -> 106 | C14: =IFERROR(IF(A14="","",B14-B13),0) -> 106
A15: 2024.03 | B15: =IF(A15="","",_xlfn.MAXIFS('Catalogo de Variaveis'!$N$5:$N$1048576,'Catalogo de Variaveis'!$A$5:$A$1048576,LEFT(A15,4),'Catalogo de Variaveis'!$D$5:$D$1048576,RIGHT(A15,1))) -> 63 | C15: =IFERROR(IF(A15="","",B15-B14),0) -> -43
B16: =IF(A16="","",_xlfn.MAXIFS('Catalogo de Variaveis'!$N$5:$N$1048576,'Catalogo de Variaveis'!$A$5:$A$1048576,LEFT(A16,4),'Catalogo de Variaveis'!$D$5:$D$1048576,RIGHT(A16,1))) | C16: =IFERROR(IF(A16="","",B16-B15),0)
B17: =IF(A17="","",_xlfn.MAXIFS('Catalogo de Variaveis'!$N$5:$N$1048576,'Catalogo de Variaveis'!$A$5:$A$1048576,LEFT(A17,4),'Catalogo de Variaveis'!$D$5:$D$1048576,RIGHT(A17,1))) | C17: =IFERROR(IF(A17="","",B17-B16),0)
B18: =IF(A18="","",_xlfn.MAXIFS('Catalogo de Variaveis'!$N$5:$N$1048576,'Catalogo de Variaveis'!$A$5:$A$1048576,LEFT(A18,4),'Catalogo de Variaveis'!$D$5:$D$1048576,RIGHT(A18,1))) | C18: =IFERROR(IF(A18="","",B18-B17),0)
B19: =IF(A19="","",_xlfn.MAXIFS('Catalogo de Variaveis'!$N$5:$N$1048576,'Catalogo de Variaveis'!$A$5:$A$1048576,LEFT(A19,4),'Catalogo de Variaveis'!$D$5:$D$1048576,RIGHT(A19,1))) | C19: =IFERROR(IF(A19="","",B19-B18),0)
B20: =IF(A20="","",_xlfn.MAXIFS('Catalogo de Variaveis'!$N$5:$N$1048576,'Catalogo de Variaveis'!$A$5:$A$1048576,LEFT(A20,4),'Catalogo de Variaveis'!$D$5:$D$1048576,RIGHT(A20,1))) | C20: =IFERROR(IF(A20="","",B20-B19),0)
B21: =IF(A21="","",_xlfn.MAXIFS('Catalogo de Variaveis'!$N$5:$N$1048576,'Catalogo de Variaveis'!$A$5:$A$1048576,LEFT(A21,4),'Catalogo de Variaveis'!$D$5:$D$1048576,RIGHT(A21,1))) | C21: =IFERROR(IF(A21="","",B21-B20),0)
B22: =IF(A22="","",_xlfn.MAXIFS('Catalogo de Variaveis'!$N$5:$N$1048576,'Catalogo de Variaveis'!$A$5:$A$1048576,LEFT(A22,4),'Catalogo de Variaveis'!$D$5:$D$1048576,RIGHT(A22,1))) | C22: =IFERROR(IF(A22="","",B22-B21),0)
B23: =IF(A23="","",_xlfn.MAXIFS('Catalogo de Variaveis'!$N$5:$N$1048576,'Catalogo de Variaveis'!$A$5:$A$1048576,LEFT(A23,4),'Catalogo de Variaveis'!$D$5:$D$1048576,RIGHT(A23,1))) | C23: =IFERROR(IF(A23="","",B23-B22),0)
B24: =IF(A24="","",_xlfn.MAXIFS('Catalogo de Variaveis'!$N$5:$N$1048576,'Catalogo de Variaveis'!$A$5:$A$1048576,LEFT(A24,4),'Catalogo de Variaveis'!$D$5:$D$1048576,RIGHT(A24,1))) | C24: =IFERROR(IF(A24="","",B24-B23),0)
B25: =IF(A25="","",_xlfn.MAXIFS('Catalogo de Variaveis'!$N$5:$N$1048576,'Catalogo de Variaveis'!$A$5:$A$1048576,LEFT(A25,4),'Catalogo de Variaveis'!$D$5:$D$1048576,RIGHT(A25,1))) | C25: =IFERROR(IF(A25="","",B25-B24),0)
B26: =IF(A26="","",_xlfn.MAXIFS('Catalogo de Variaveis'!$N$5:$N$1048576,'Catalogo de Variaveis'!$A$5:$A$1048576,LEFT(A26,4),'Catalogo de Variaveis'!$D$5:$D$1048576,RIGHT(A26,1))) | C26: =IFERROR(IF(A26="","",B26-B25),0)
B27: =IF(A27="","",_xlfn.MAXIFS('Catalogo de Variaveis'!$N$5:$N$1048576,'Catalogo de Variaveis'!$A$5:$A$1048576,LEFT(A27,4),'Catalogo de Variaveis'!$D$5:$D$1048576,RIGHT(A27,1))) | C27: =IFERROR(IF(A27="","",B27-B26),0)
... B60: =IF(A60="","",_xlfn.MAXIFS('Catalogo de Variaveis'!$N$5:$N$1048576,'Catalogo de Variaveis'!$A$5:$A$1048576,LEFT(A60,4),'Catalogo de Variaveis'!$D$5:$D$1048576,RIGHT(A60,1))) | C60: =IFERROR(IF(A60="","",B60-B59),0)

Sheet V09
A1: Média | B1: =AVERAGE(B9:B1048576) -> 3.8571429 | C1: =AVERAGE(C9:C1048576) -> 0 | I1: LME | J1: =IF(LME="","",LME)
A2: Desvio Padrão | B2: =_xlfn.STDEV.S(B9:B1048576) -> 6.491753 | C2: =_xlfn.STDEV.S(C9:C1048576) -> 8.1034972 | I2: VME | J2: =IF(VME="","",VME/3)
A3: Máximo | B3: =MAX(B9:B1048576) -> 16 | C3: =MAX(C9:C1048576) -> 16
A4: Mínimo | B4: =MIN(B9:B1048576) -> 0 | C4: =MIN(C9:C1048576) -> -10
A5: V09 - QUANTIDADE DE EVASÃO DE EMPREGADOS E MEMBROS DE ÓRGÃOS ESTATUTÁRIOS NO TREINAMENTO DE INTEGRIDADE DA CAESB
A7: DADOS | D7: SOMA | K7: AMPLITUDE
A8: Período | B8: Soma | C8: Amplitude | D8: LIC | E8: L2I | F8: L1I | G8: LMC | H8: L1S | I8: L2S | J8: LSC | K8: LIC | L8: L2I | M8: L1I | N8: LMC | O8: L1S | P8: L2S | Q8: LSC
A9: 2022.03 | B9: =IF(A9="","",SUMIFS('Catalogo de Variaveis'!$O$5:$O$1048576,'Catalogo de Variaveis'!$A$5:$A$1048576,LEFT(A9,4),'Catalogo de Variaveis'!$D$5:$D$1048576,RIGHT(A9,1))) -> 0 | C9: =IFERROR(IF(A9="","",B9-B8),0) -> 0
A10: 2023.01 | B10: =IF(A10="","",SUMIFS('Catalogo de Variaveis'!$O$5:$O$1048576,'Catalogo de Variaveis'!$A$5:$A$1048576,LEFT(A10,4),'Catalogo de Variaveis'!$D$5:$D$1048576,RIGHT(A10,1))) -> 16 | C10: =IFERROR(IF(A10="","",B10-B9),0) -> 16
A11: 2023.02 | B11: =IF(A11="","",SUMIFS('Catalogo de Variaveis'!$O$5:$O$1048576,'Catalogo de Variaveis'!$A$5:$A$1048576,LEFT(A11,4),'Catalogo de Variaveis'!$D$5:$D$1048576,RIGHT(A11,1))) -> 10 | C11: =IFERROR(IF(A11="","",B11-B10),0) -> -6
A12: 2023.03 | B12: =IF(A12="","",SUMIFS('Catalogo de Variaveis'!$O$5:$O$1048576,'Catalogo de Variaveis'!$A$5:$A$1048576,LEFT(A12,4),'Catalogo de Variaveis'!$D$5:$D$1048576,RIGHT(A12,1))) -> 0 | C12: =IFERROR(IF(A12="","",B12-B11),0) -> -10
A13: 2024.01 | B13: =IF(A13="","",SUMIFS('Catalogo de Variaveis'!$O$5:$O$1048576,'Catalogo de Variaveis'!$A$5:$A$1048576,LEFT(A13,4),'Catalogo de Variaveis'!$D$5:$D$1048576,RIGHT(A13,1))) -> 0 | C13: =IFERROR(IF(A13="","",B13-B12),0) -> 0
A14: 2024.02 | B14: =IF(A14="","",SUMIFS('Catalogo de Variaveis'!$O$5:$O$1048576,'Catalogo de Variaveis'!$A$5:$A$1048576,LEFT(A14,4),'Catalogo de Variaveis'!$D$5:$D$1048576,RIGHT(A14,1))) -> 1 | C14: =IFERROR(IF(A14="","",B14-B13),0) -> 1
A15: 2024.03 | B15: =IF(A15="","",SUMIFS('Catalogo de Variaveis'!$O$5:$O$1048576,'Catalogo de Variaveis'!$A$5:$A$1048576,LEFT(A15,4),'Catalogo de Variaveis'!$D$5:$D$1048576,RIGHT(A15,1))) -> 0 | C15: =IFERROR(IF(A15="","",B15-B14),0) -> -1
B16: =IF(A16="","",SUMIFS('Catalogo de Variaveis'!$O$5:$O$1048576,'Catalogo de Variaveis'!$A$5:$A$1048576,LEFT(A16,4),'Catalogo de Variaveis'!$D$5:$D$1048576,RIGHT(A16,1))) | C16: =IFERROR(IF(A16="","",B16-B15),0)
B17: =IF(A17="","",SUMIFS('Catalogo de Variaveis'!$O$5:$O$1048576,'Catalogo de Variaveis'!$A$5:$A$1048576,LEFT(A17,4),'Catalogo de Variaveis'!$D$5:$D$1048576,RIGHT(A17,1))) | C17: =IFERROR(IF(A17="","",B17-B16),0)
B18: =IF(A18="","",SUMIFS('Catalogo de Variaveis'!$O$5:$O$1048576,'Catalogo de Variaveis'!$A$5:$A$1048576,LEFT(A18,4),'Catalogo de Variaveis'!$D$5:$D$1048576,RIGHT(A18,1))) | C18: =IFERROR(IF(A18="","",B18-B17),0)
B19: =IF(A19="","",SUMIFS('Catalogo de Variaveis'!$O$5:$O$1048576,'Catalogo de Variaveis'!$A$5:$A$1048576,LEFT(A19,4),'Catalogo de Variaveis'!$D$5:$D$1048576,RIGHT(A19,1))) | C19: =IFERROR(IF(A19="","",B19-B18),0)
B20: =IF(A20="","",SUMIFS('Catalogo de Variaveis'!$O$5:$O$1048576,'Catalogo de Variaveis'!$A$5:$A$1048576,LEFT(A20,4),'Catalogo de Variaveis'!$D$5:$D$1048576,RIGHT(A20,1))) | C20: =IFERROR(IF(A20="","",B20-B19),0)
B21: =IF(A21="","",SUMIFS('Catalogo de Variaveis'!$O$5:$O$1048576,'Catalogo de Variaveis'!$A$5:$A$1048576,LEFT(A21,4),'Catalogo de Variaveis'!$D$5:$D$1048576,RIGHT(A21,1))) | C21: =IFERROR(IF(A21="","",B21-B20),0)
B22: =IF(A22="","",SUMIFS('Catalogo de Variaveis'!$O$5:$O$1048576,'Catalogo de Variaveis'!$A$5:$A$1048576,LEFT(A22,4),'Catalogo de Variaveis'!$D$5:$D$1048576,RIGHT(A22,1))) | C22: =IFERROR(IF(A22="","",B22-B21),0)
B23: =IF(A23="","",SUMIFS('Catalogo de Variaveis'!$O$5:$O$1048576,'Catalogo de Variaveis'!$A$5:$A$1048576,LEFT(A23,4),'Catalogo de Variaveis'!$D$5:$D$1048576,RIGHT(A23,1))) | C23: =IFERROR(IF(A23="","",B23-B22),0)
B24: =IF(A24="","",SUMIFS('Catalogo de Variaveis'!$O$5:$O$1048576,'Catalogo de Variaveis'!$A$5:$A$1048576,LEFT(A24,4),'Catalogo de Variaveis'!$D$5:$D$1048576,RIGHT(A24,1))) | C24: =IFERROR(IF(A24="","",B24-B23),0)
B25: =IF(A25="","",SUMIFS('Catalogo de Variaveis'!$O$5:$O$1048576,'Catalogo de Variaveis'!$A$5:$A$1048576,LEFT(A25,4),'Catalogo de Variaveis'!$D$5:$D$1048576,RIGHT(A25,1))) | C25: =IFERROR(IF(A25="","",B25-B24),0)
B26: =IF(A26="","",SUMIFS('Catalogo de Variaveis'!$O$5:$O$1048576,'Catalogo de Variaveis'!$A$5:$A$1048576,LEFT(A26,4),'Catalogo de Variaveis'!$D$5:$D$1048576,RIGHT(A26,1))) | C26: =IFERROR(IF(A26="","",B26-B25),0)
B27: =IF(A27="","",SUMIFS('Catalogo de Variaveis'!$O$5:$O$1048576,'Catalogo de Variaveis'!$A$5:$A$1048576,LEFT(A27,4),'Catalogo de Variaveis'!$D$5:$D$1048576,RIGHT(A27,1))) | C27: =IFERROR(IF(A27="","",B27-B26),0)
... B60: =IF(A60="","",SUMIFS('Catalogo de Variaveis'!$O$5:$O$1048576,'Catalogo de Variaveis'!$A$5:$A$1048576,LEFT(A60,4),'Catalogo de Variaveis'!$D$5:$D$1048576,RIGHT(A60,1))) | C60: =IFERROR(IF(A60="","",B60-B59),0)

Sheet V10
A1: Média | B1: =AVERAGE(B9:B1048576) -> 56 | C1: =AVERAGE(C9:C1048576) -> 9 | I1: LME | J1: =IF(LME="","",LME)
A2: Desvio Padrão | B2: =_xlfn.STDEV.S(B9:B1048576) -> 55.560778 | C2: =_xlfn.STDEV.S(C9:C1048576) -> 81.574097 | I2: VME | J2: =IF(VME="","",VME/3)
A3: Máximo | B3: =MAX(B9:B1048576) -> 125 | C3: =MAX(C9:C1048576) -> 125
A4: Mínimo | B4: =MIN(B9:B1048576) -> 0 | C4: =MIN(C9:C1048576) -> -108
A5: V10 - QUANTIDADE DE VAGAS OFERTADAS PARA O TREINAMENTO NO PROGRAMA DE INTEGRIDADE DA CAESB
A7: DADOS | D7: SOMA | K7: AMPLITUDE
A8: Período | B8: Soma | C8: Amplitude | D8: LIC | E8: L2I | F8: L1I | G8: LMC | H8: L1S | I8: L2S | J8: LSC | K8: LIC | L8: L2I | M8: L1I | N8: LMC | O8: L1S | P8: L2S | Q8: LSC
A9: 2022.03 | B9: =IF(A9="","",SUMIFS('Catalogo de Variaveis'!$P$5:$P$1048576,'Catalogo de Variaveis'!$A$5:$A$1048576,LEFT(A9,4),'Catalogo de Variaveis'!$D$5:$D$1048576,RIGHT(A9,1))) -> 0 | C9: =IFERROR(IF(A9="","",B9-B8),0) -> 0
A10: 2023.01 | B10: =IF(A10="","",SUMIFS('Catalogo de Variaveis'!$P$5:$P$1048576,'Catalogo de Variaveis'!$A$5:$A$1048576,LEFT(A10,4),'Catalogo de Variaveis'!$D$5:$D$1048576,RIGHT(A10,1))) -> 96 | C10: =IFERROR(IF(A10="","",B10-B9),0) -> 96
A11: 2023.02 | B11: =IF(A11="","",SUMIFS('Catalogo de Variaveis'!$P$5:$P$1048576,'Catalogo de Variaveis'!$A$5:$A$1048576,LEFT(A11,4),'Catalogo de Variaveis'!$D$5:$D$1048576,RIGHT(A11,1))) -> 108 | C11: =IFERROR(IF(A11="","",B11-B10),0) -> 12
A12: 2023.03 | B12: =IF(A12="","",SUMIFS('Catalogo de Variaveis'!$P$5:$P$1048576,'Catalogo de Variaveis'!$A$5:$A$1048576,LEFT(A12,4),'Catalogo de Variaveis'!$D$5:$D$1048576,RIGHT(A12,1))) -> 0 | C12: =IFERROR(IF(A12="","",B12-B11),0) -> -108
A13: 2024.01 | B13: =IF(A13="","",SUMIFS('Catalogo de Variaveis'!$P$5:$P$1048576,'Catalogo de Variaveis'!$A$5:$A$1048576,LEFT(A13,4),'Catalogo de Variaveis'!$D$5:$D$1048576,RIGHT(A13,1))) -> 0 | C13: =IFERROR(IF(A13="","",B13-B12),0) -> 0
A14: 2024.02 | B14: =IF(A14="","",SUMIFS('Catalogo de Variaveis'!$P$5:$P$1048576,'Catalogo de Variaveis'!$A$5:$A$1048576,LEFT(A14,4),'Catalogo de Variaveis'!$D$5:$D$1048576,RIGHT(A14,1))) -> 125 | C14: =IFERROR(IF(A14="","",B14-B13),0) -> 125
A15: 2024.03 | B15: =IF(A15="","",SUMIFS('Catalogo de Variaveis'!$P$5:$P$1048576,'Catalogo de Variaveis'!$A$5:$A$1048576,LEFT(A15,4),'Catalogo de Variaveis'!$D$5:$D$1048576,RIGHT(A15,1))) -> 63 | C15: =IFERROR(IF(A15="","",B15-B14),0) -> -62
B16: =IF(A16="","",SUMIFS('Catalogo de Variaveis'!$P$5:$P$1048576,'Catalogo de Variaveis'!$A$5:$A$1048576,LEFT(A16,4),'Catalogo de Variaveis'!$D$5:$D$1048576,RIGHT(A16,1))) | C16: =IFERROR(IF(A16="","",B16-B15),0)
B17: =IF(A17="","",SUMIFS('Catalogo de Variaveis'!$P$5:$P$1048576,'Catalogo de Variaveis'!$A$5:$A$1048576,LEFT(A17,4),'Catalogo de Variaveis'!$D$5:$D$1048576,RIGHT(A17,1))) | C17: =IFERROR(IF(A17="","",B17-B16),0)
B18: =IF(A18="","",SUMIFS('Catalogo de Variaveis'!$P$5:$P$1048576,'Catalogo de Variaveis'!$A$5:$A$1048576,LEFT(A18,4),'Catalogo de Variaveis'!$D$5:$D$1048576,RIGHT(A18,1))) | C18: =IFERROR(IF(A18="","",B18-B17),0)
B19: =IF(A19="","",SUMIFS('Catalogo de Variaveis'!$P$5:$P$1048576,'Catalogo de Variaveis'!$A$5:$A$1048576,LEFT(A19,4),'Catalogo de Variaveis'!$D$5:$D$1048576,RIGHT(A19,1))) | C19: =IFERROR(IF(A19="","",B19-B18),0)
B20: =IF(A20="","",SUMIFS('Catalogo de Variaveis'!$P$5:$P$1048576,'Catalogo de Variaveis'!$A$5:$A$1048576,LEFT(A20,4),'Catalogo de Variaveis'!$D$5:$D$1048576,RIGHT(A20,1))) | C20: =IFERROR(IF(A20="","",B20-B19),0)
B21: =IF(A21="","",SUMIFS('Catalogo de Variaveis'!$P$5:$P$1048576,'Catalogo de Variaveis'!$A$5:$A$1048576,LEFT(A21,4),'Catalogo de Variaveis'!$D$5:$D$1048576,RIGHT(A21,1))) | C21: =IFERROR(IF(A21="","",B21-B20),0)
B22: =IF(A22="","",SUMIFS('Catalogo de Variaveis'!$P$5:$P$1048576,'Catalogo de Variaveis'!$A$5:$A$1048576,LEFT(A22,4),'Catalogo de Variaveis'!$D$5:$D$1048576,RIGHT(A22,1))) | C22: =IFERROR(IF(A22="","",B22-B21),0)
B23: =IF(A23="","",SUMIFS('Catalogo de Variaveis'!$P$5:$P$1048576,'Catalogo de Variaveis'!$A$5:$A$1048576,LEFT(A23,4),'Catalogo de Variaveis'!$D$5:$D$1048576,RIGHT(A23,1))) | C23: =IFERROR(IF(A23="","",B23-B22),0)
B24: =IF(A24="","",SUMIFS('Catalogo de Variaveis'!$P$5:$P$1048576,'Catalogo de Variaveis'!$A$5:$A$1048576,LEFT(A24,4),'Catalogo de Variaveis'!$D$5:$D$1048576,RIGHT(A24,1))) | C24: =IFERROR(IF(A24="","",B24-B23),0)
B25: =IF(A25="","",SUMIFS('Catalogo de Variaveis'!$P$5:$P$1048576,'Catalogo de Variaveis'!$A$5:$A$1048576,LEFT(A25,4),'Catalogo de Variaveis'!$D$5:$D$1048576,RIGHT(A25,1))) | C25: =IFERROR(IF(A25="","",B25-B24),0)
B26: =IF(A26="","",SUMIFS('Catalogo de Variaveis'!$P$5:$P$1048576,'Catalogo de Variaveis'!$A$5:$A$1048576,LEFT(A26,4),'Catalogo de Variaveis'!$D$5:$D$1048576,RIGHT(A26,1))) | C26: =IFERROR(IF(A26="","",B26-B25),0)
B27: =IF(A27="","",SUMIFS('Catalogo de Variaveis'!$P$5:$P$1048576,'Catalogo de Variaveis'!$A$5:$A$1048576,LEFT(A27,4),'Catalogo de Variaveis'!$D$5:$D$1048576,RIGHT(A27,1))) | C27: =IFERROR(IF(A27="","",B27-B26),0)
... B60: =IF(A60="","",SUMIFS('Catalogo de Variaveis'!$P$5:$P$1048576,'Catalogo de Variaveis'!$A$5:$A$1048576,LEFT(A60,4),'Catalogo de Variaveis'!$D$5:$D$1048576,RIGHT(A60,1))) | C60: =IFERROR(IF(A60="","",B60-B59),0)

Sheet V11
A1: Média | B1: =AVERAGE(B9:B1048576) -> 2.1578947 | C1: =AVERAGE(C9:C1048576) -> 0.032894737 | I1: LME | J1: =IF(LME="","",LME)
A2: Desvio Padrão | B2: =_xlfn.STDEV.S(B9:B1048576) -> 1.7167902 | C2: =_xlfn.STDEV.S(C9:C1048576) -> 0.30297541 | I2: VME | J2: =IF(VME="","",VME/3)
A3: Máximo | B3: =MAX(B9:B1048576) -> 6 | C3: =MAX(C9:C1048576) -> 1
A4: Mínimo | B4: =MIN(B9:B1048576) -> 0 | C4: =MIN(C9:C1048576) -> -0.5
A5: V11 - NÚMERO DE DENÚNCIAS DE NEPOTISMO APURADAS NO PERÍODO RECEBIDAS PELOS DIVERSOS CANAIS DE DENÚNCIAS DA COMPANHIA
A7: DADOS | D7: SOMA | K7: AMPLITUDE
A8: Período | B8: Soma | C8: Amplitude | D8: LIC | E8: L2I | F8: L1I | G8: LMC | H8: L1S | I8: L2S | J8: LSC | K8: LIC | L8: L2I | M8: L1I | N8: LMC | O8: L1S | P8: L2S | Q8: LSC
A9: 44805 | B9: =IF('Catalogo de Variaveis'!Q14="","",SUM('Catalogo de Variaveis'!Q11:Q14)) -> 0 | C9: =IFERROR(IF($B9="","",AVERAGE('Catalogo de Variaveis'!Q14-'Catalogo de Variaveis'!Q13,'Catalogo de Variaveis'!Q13-'Catalogo de Variaveis'!Q12,'Catalogo de Variaveis'!Q12-'Catalogo de Variaveis'!Q11,'Catalogo de Variaveis'!Q11-'Catalogo de Variaveis'!Q10)),0) -> 0 | D9: =IF($B9="","",IF(OR($J$1="",$J$2=""),$B$1-3*$B$2,$J$1-3*$J$2)) -> -2.9924757 | E9: =IF($B9="","",IF(OR($J$1="",$J$2=""),$B$1-2*$B$2,$J$1-2*$J$2)) -> -1.2756856 | F9: =IF($B9="","",IF(OR($J$1="",$J$2=""),$B$1-$B$2,$J$1-$J$2)) -> 0.44110459 | G9: =IF($B9="","",IF(OR($J$1="",$J$2=""),$B$1,$J$1)) -> 2.1578947 | H9: =IF($B9="","",IF(OR($J$1="",$J$2=""),$B$1+$B$2,$J$1+$J$2)) -> 3.8746849 | I9: =IF($B9="","",IF(OR($J$1="",$J$2=""),$B$1+2*$B$2,$J$1+2*$J$2)) -> 5.591475 | J9: =IF($B9="","",IF(OR($J$1="",$J$2=""),$B$1+3*$B$2,$J$1+3*$J$2)) -> 7.3082652 | K9: =IF($B9="","",$C$1-3*$C$2) -> -0.87603148 | L9: =IF($B9="","",$C$1-2*$C$2) -> -0.57305608 | M9: =IF($B9="","",$C$1-$C$2) -> -0.27008067 | N9: =IF($B9="","",$C$1) -> 0.032894737 | O9: =IF($B9="","",$C$1+1*$C$2) -> 0.33587014 | P9: =IF($B9="","",$C$1+2*$C$2) -> 0.63884555 | Q9: =IF($B9="","",$C$1+3*$C$2) -> 0.94182096
A10: 44835 | B10: =IF('Catalogo de Variaveis'!Q15="","",SUM('Catalogo de Variaveis'!Q12:Q15)) -> 1 | C10: =IFERROR(IF($B10="","",AVERAGE('Catalogo de Variaveis'!Q15-'Catalogo de Variaveis'!Q14,'Catalogo de Variaveis'!Q14-'Catalogo de Variaveis'!Q13,'Catalogo de Variaveis'!Q13-'Catalogo de Variaveis'!Q12,'Catalogo de Variaveis'!Q12-'Catalogo de Variaveis'!Q11)),0) -> 0.25 | D10: =IF($B10="","",IF(OR($J$1="",$J$2=""),$B$1-3*$B$2,$J$1-3*$J$2)) -> -2.9924757 | E10: =IF($B10="","",IF(OR($J$1="",$J$2=""),$B$1-2*$B$2,$J$1-2*$J$2)) -> -1.2756856 | F10: =IF($B10="","",IF(OR($J$1="",$J$2=""),$B$1-$B$2,$J$1-$J$2)) -> 0.44110459 | G10: =IF($B10="","",IF(OR($J$1="",$J$2=""),$B$1,$J$1)) -> 2.1578947 | H10: =IF($B10="","",IF(OR($J$1="",$J$2=""),$B$1+$B$2,$J$1+$J$2)) -> 3.8746849 | I10: =IF($B10="","",IF(OR($J$1="",$J$2=""),$B$1+2*$B$2,$J$1+2*$J$2)) -> 5.591475 | J10: =IF($B10="","",IF(OR($J$1="",$J$2=""),$B$1+3*$B$2,$J$1+3*$J$2)) -> 7.3082652 | K10: =IF($B10="","",$C$1-3*$C$2) -> -0.87603148 | L10: =IF($B10="","",$C$1-2*$C$2) -> -0.57305608 | M10: =IF($B10="","",$C$1-$C$2) -> -0.27008067 | N10: =IF($B10="","",$C$1) -> 0.032894737 | O10: =IF($B10="","",$C$1+1*$C$2) -> 0.33587014 | P10: =IF($B10="","",$C$1+2*$C$2) -> 0.63884555 | Q10: =IF($B10="","",$C$1+3*$C$2) -> 0.94182096
A11: 44866 | B11: =IF('Catalogo de Variaveis'!Q16="","",SUM('Catalogo de Variaveis'!Q13:Q16)) -> 1 | C11: =IFERROR(IF($B11="","",AVERAGE('Catalogo de Variaveis'!Q16-'Catalogo de Variaveis'!Q15,'Catalogo de Variaveis'!Q15-'Catalogo de Variaveis'!Q14,'Catalogo de Variaveis'!Q14-'Catalogo de Variaveis'!Q13,'Catalogo de Variaveis'!Q13-'Catalogo de Variaveis'!Q12)),0) -> 0 | D11: =IF($B11="","",IF(OR($J$1="",$J$2=""),$B$1-3*$B$2,$J$1-3*$J$2)) -> -2.9924757 | E11: =IF($B11="","",IF(OR($J$1="",$J$2=""),$B$1-2*$B$2,$J$1-2*$J$2)) -> -1.2756856 | F11: =IF($B11="","",IF(OR($J$1="",$J$2=""),$B$1-$B$2,$J$1-$J$2)) -> 0.44110459 | G11: =IF($B11="","",IF(OR($J$1="",$J$2=""),$B$1,$J$1)) -> 2.1578947 | H11: =IF($B11="","",IF(OR($J$1="",$J$2=""),$B$1+$B$2,$J$1+$J$2)) -> 3.8746849 | I11: =IF($B11="","",IF(OR($J$1="",$J$2=""),$B$1+2*$B$2,$J$1+2*$J$2)) -> 5.591475 | J11: =IF($B11="","",IF(OR($J$1="",$J$2=""),$B$1+3*$B$2,$J$1+3*$J$2)) -> 7.3082652 | K11: =IF($B11="","",$C$1-3*$C$2) -> -0.87603148 | L11: =IF($B11="","",$C$1-2*$C$2) -> -0.57305608 | M11: =IF($B11="","",$C$1-$C$2) -> -0.27008067 | N11: =IF($B11="","",$C$1) -> 0.032894737 | O11: =IF($B11="","",$C$1+1*$C$2) -> 0.33587014 | P11: =IF($B11="","",$C$1+2*$C$2) -> 0.63884555 | Q11: =IF($B11="","",$C$1+3*$C$2) -> 0.94182096
A12: 44896 | B12: =IF('Catalogo de Variaveis'!Q17="","",SUM('Catalogo de Variaveis'!Q14:Q17)) -> 1 | C12: =IFERROR(IF($B12="","",AVERAGE('Catalogo de Variaveis'!Q17-'Catalogo de Variaveis'!Q16,'Catalogo de Variaveis'!Q16-'Catalogo de Variaveis'!Q15,'Catalogo de Variaveis'!Q15-'Catalogo de Variaveis'!Q14,'Catalogo de Variaveis'!Q14-'Catalogo de Variaveis'!Q13)),0) -> 0 | D12: =IF($B12="","",IF(OR($J$1="",$J$2=""),$B$1-3*$B$2,$J$1-3*$J$2)) -> -2.9924757 | E12: =IF($B12="","",IF(OR($J$1="",$J$2=""),$B$1-2*$B$2,$J$1-2*$J$2)) -> -1.2756856 | F12: =IF($B12="","",IF(OR($J$1="",$J$2=""),$B$1-$B$2,$J$1-$J$2)) -> 0.44110459 | G12: =IF($B12="","",IF(OR($J$1="",$J$2=""),$B$1,$J$1)) -> 2.1578947 | H12: =IF($B12="","",IF(OR($J$1="",$J$2=""),$B$1+$B$2,$J$1+$J$2)) -> 3.8746849 | I12: =IF($B12="","",IF(OR($J$1="",$J$2=""),$B$1+2*$B$2,$J$1+2*$J$2)) -> 5.591475 | J12: =IF($B12="","",IF(OR($J$1="",$J$2=""),$B$1+3*$B$2,$J$1+3*$J$2)) -> 7.3082652 | K12: =IF($B12="","",$C$1-3*$C$2) -> -0.87603148 | L12: =IF($B12="","",$C$1-2*$C$2) -> -0.57305608 | M12: =IF($B12="","",$C$1-$C$2) -> -0.27008067 | N12: =IF($B12="","",$C$1) -> 0.032894737 | O12: =IF($B12="","",$C$1+1*$C$2) -> 0.33587014 | P12: =IF($B12="","",$C$1+2*$C$2) -> 0.63884555 | Q12: =IF($B12="","",$C$1+3*$C$2) -> 0.94182096
A13: 44927 | B13: =IF('Catalogo de Variaveis'!Q18="","",SUM('Catalogo de Variaveis'!Q15:Q18)) -> 1 | C13: =IFERROR(IF($B13="","",AVERAGE('Catalogo de Variaveis'!Q18-'Catalogo de Variaveis'!Q17,'Catalogo de Variaveis'!Q17-'Catalogo de Variaveis'!Q16,'Catalogo de Variaveis'!Q16-'Catalogo de Variaveis'!Q15,'Catalogo de Variaveis'!Q15-'Catalogo de Variaveis'!Q14)),0) -> 0 | D13: =IF($B13="","",IF(OR($J$1="",$J$2=""),$B$1-3*$B$2,$J$1-3*$J$2)) -> -2.9924757 | E13: =IF($B13="","",IF(OR($J$1="",$J$2=""),$B$1-2*$B$2,$J$1-2*$J$2)) -> -1.2756856 | F13: =IF($B13="","",IF(OR($J$1="",$J$2=""),$B$1-$B$2,$J$1-$J$2)) -> 0.44110459 | G13: =IF($B13="","",IF(OR($J$1="",$J$2=""),$B$1,$J$1)) -> 2.1578947 | H13: =IF($B13="","",IF(OR($J$1="",$J$2=""),$B$1+$B$2,$J$1+$J$2)) -> 3.8746849 | I13: =IF($B13="","",IF(OR($J$1="",$J$2=""),$B$1+2*$B$2,$J$1+2*$J$2)) -> 5.591475 | J13: =IF($B13="","",IF(OR($J$1="",$J$2=""),$B$1+3*$B$2,$J$1+3*$J$2)) -> 7.3082652 | K13: =IF($B13="","",$C$1-3*$C$2) -> -0.87603148 | L13: =IF($B13="","",$C$1-2*$C$2) -> -0.57305608 | M13: =IF($B13="","",$C$1-$C$2) -> -0.27008067 | N13: =IF($B13="","",$C$1) -> 0.032894737 | O13: =IF($B13="","",$C$1+1*$C$2) -> 0.33587014 | P13: =IF($B13="","",$C$1+2*$C$2) -> 0.63884555 | Q13: =IF($B13="","",$C$1+3*$C$2) -> 0.94182096
A14: 44958 | B14: =IF('Catalogo de Variaveis'!Q19="","",SUM('Catalogo de Variaveis'!Q16:Q19)) -> 0 | C14: =IFERROR(IF($B14="","",AVERAGE('Catalogo de Variaveis'!Q19-'Catalogo de Variaveis'!Q18,'Catalogo de Variaveis'!Q18-'Catalogo de Variaveis'!Q17,'Catalogo de Variaveis'!Q17-'Catalogo de Variaveis'!Q16,'Catalogo de Variaveis'!Q16-'Catalogo de Variaveis'!Q15)),0) -> -0.25 | D14: =IF($B14="","",IF(OR($J$1="",$J$2=""),$B$1-3*$B$2,$J$1-3*$J$2)) -> -2.9924757 | E14: =IF($B14="","",IF(OR($J$1="",$J$2=""),$B$1-2*$B$2,$J$1-2*$J$2)) -> -1.2756856 | F14: =IF($B14="","",IF(OR($J$1="",$J$2=""),$B$1-$B$2,$J$1-$J$2)) -> 0.44110459 | G14: =IF($B14="","",IF(OR($J$1="",$J$2=""),$B$1,$J$1)) -> 2.1578947 | H14: =IF($B14="","",IF(OR($J$1="",$J$2=""),$B$1+$B$2,$J$1+$J$2)) -> 3.8746849 | I14: =IF($B14="","",IF(OR($J$1="",$J$2=""),$B$1+2*$B$2,$J$1+2*$J$2)) -> 5.591475 | J14: =IF($B14="","",IF(OR($J$1="",$J$2=""),$B$1+3*$B$2,$J$1+3*$J$2)) -> 7.3082652 | K14: =IF($B14="","",$C$1-3*$C$2) -> -0.87603148 | L14: =IF($B14="","",$C$1-2*$C$2) -> -0.57305608 | M14: =IF($B14="","",$C$1-$C$2) -> -0.27008067 | N14: =IF($B14="","",$C$1) -> 0.032894737 | O14: =IF($B14="","",$C$1+1*$C$2) -> 0.33587014 | P14: =IF($B14="","",$C$1+2*$C$2) -> 0.63884555 | Q14: =IF($B14="","",$C$1+3*$C$2) -> 0.94182096
A15: 44986 | B15: =IF('Catalogo de Variaveis'!Q20="","",SUM('Catalogo de Variaveis'!Q17:Q20)) -> 0 | C15: =IFERROR(IF($B15="","",AVERAGE('Catalogo de Variaveis'!Q20-'Catalogo de Variaveis'!Q19,'Catalogo de Variaveis'!Q19-'Catalogo de Variaveis'!Q18,'Catalogo de Variaveis'!Q18-'Catalogo de Variaveis'!Q17,'Catalogo de Variaveis'!Q17-'Catalogo de Variaveis'!Q16)),0) -> 0 | D15: =IF($B15="","",IF(OR($J$1="",$J$2=""),$B$1-3*$B$2,$J$1-3*$J$2)) -> -2.9924757 | E15: =IF($B15="","",IF(OR($J$1="",$J$2=""),$B$1-2*$B$2,$J$1-2*$J$2)) -> -1.2756856 | F15: =IF($B15="","",IF(OR($J$1="",$J$2=""),$B$1-$B$2,$J$1-$J$2)) -> 0.44110459 | G15: =IF($B15="","",IF(OR($J$1="",$J$2=""),$B$1,$J$1)) -> 2.1578947 | H15: =IF($B15="","",IF(OR($J$1="",$J$2=""),$B$1+$B$2,$J$1+$J$2)) -> 3.8746849 | I15: =IF($B15="","",IF(OR($J$1="",$J$2=""),$B$1+2*$B$2,$J$1+2*$J$2)) -> 5.591475 | J15: =IF($B15="","",IF(OR($J$1="",$J$2=""),$B$1+3*$B$2,$J$1+3*$J$2)) -> 7.3082652 | K15: =IF($B15="","",$C$1-3*$C$2) -> -0.87603148 | L15: =IF($B15="","",$C$1-2*$C$2) -> -0.57305608 | M15: =IF($B15="","",$C$1-$C$2) -> -0.27008067 | N15: =IF($B15="","",$C$1) -> 0.032894737 | O15: =IF($B15="","",$C$1+1*$C$2) -> 0.33587014 | P15: =IF($B15="","",$C$1+2*$C$2) -> 0.63884555 | Q15: =IF($B15="","",$C$1+3*$C$2) -> 0.94182096
A16: 45017 | B16: =IF('Catalogo de Variaveis'!Q21="","",SUM('Catalogo de Variaveis'!Q18:Q21)) -> 1 | C16: =IFERROR(IF($B16="","",AVERAGE('Catalogo de Variaveis'!Q21-'Catalogo de Variaveis'!Q20,'Catalogo de Variaveis'!Q20-'Catalogo de Variaveis'!Q19,'Catalogo de Variaveis'!Q19-'Catalogo de Variaveis'!Q18,'Catalogo de Variaveis'!Q18-'Catalogo de Variaveis'!Q17)),0) -> 0.25 | D16: =IF($B16="","",IF(OR($J$1="",$J$2=""),$B$1-3*$B$2,$J$1-3*$J$2)) -> -2.9924757 | E16: =IF($B16="","",IF(OR($J$1="",$J$2=""),$B$1-2*$B$2,$J$1-2*$J$2)) -> -1.2756856 | F16: =IF($B16="","",IF(OR($J$1="",$J$2=""),$B$1-$B$2,$J$1-$J$2)) -> 0.44110459 | G16: =IF($B16="","",IF(OR($J$1="",$J$2=""),$B$1,$J$1)) -> 2.1578947 | H16: =IF($B16="","",IF(OR($J$1="",$J$2=""),$B$1+$B$2,$J$1+$J$2)) -> 3.8746849 | I16: =IF($B16="","",IF(OR($J$1="",$J$2=""),$B$1+2*$B$2,$J$1+2*$J$2)) -> 5.591475 | J16: =IF($B16="","",IF(OR($J$1="",$J$2=""),$B$1+3*$B$2,$J$1+3*$J$2)) -> 7.3082652 | K16: =IF($B16="","",$C$1-3*$C$2) -> -0.87603148 | L16: =IF($B16="","",$C$1-2*$C$2) -> -0.57305608 | M16: =IF($B16="","",$C$1-$C$2) -> -0.27008067 | N16: =IF($B16="","",$C$1) -> 0.032894737 | O16: =IF($B16="","",$C$1+1*$C$2) -> 0.33587014 | P16: =IF($B16="","",$C$1+2*$C$2) -> 0.63884555 | Q16: =IF($B16="","",$C$1+3*$C$2) -> 0.94182096
A17: 45047 | B17: =IF('Catalogo de Variaveis'!Q22="","",SUM('Catalogo de Variaveis'!Q19:Q22)) -> 1 | C17: =IFERROR(IF($B17="","",AVERAGE('Catalogo de Variaveis'!Q22-'Catalogo de Variaveis'!Q21,'Catalogo de Variaveis'!Q21-'Catalogo de Variaveis'!Q20,'Catalogo de Variaveis'!Q20-'Catalogo de Variaveis'!Q19,'Catalogo de Variaveis'!Q19-'Catalogo de Variaveis'!Q18)),0) -> 0 | D17: =IF($B17="","",IF(OR($J$1="",$J$2=""),$B$1-3*$B$2,$J$1-3*$J$2)) -> -2.9924757 | E17: =IF($B17="","",IF(OR($J$1="",$J$2=""),$B$1-2*$B$2,$J$1-2*$J$2)) -> -1.2756856 | F17: =IF($B17="","",IF(OR($J$1="",$J$2=""),$B$1-$B$2,$J$1-$J$2)) -> 0.44110459 | G17: =IF($B17="","",IF(OR($J$1="",$J$2=""),$B$1,$J$1)) -> 2.1578947 | H17: =IF($B17="","",IF(OR($J$1="",$J$2=""),$B$1+$B$2,$J$1+$J$2)) -> 3.8746849 | I17: =IF($B17="","",IF(OR($J$1="",$J$2=""),$B$1+2*$B$2,$J$1+2*$J$2)) -> 5.591475 | J17: =IF($B17="","",IF(OR($J$1="",$J$2=""),$B$1+3*$B$2,$J$1+3*$J$2)) -> 7.3082652 | K17: =IF($B17="","",$C$1-3*$C$2) -> -0.87603148 | L17: =IF($B17="","",$C$1-2*$C$2) -> -0.57305608 | M17: =IF($B17="","",$C$1-$C$2) -> -0.27008067 | N17: =IF($B17="","",$C$1) -> 0.032894737 | O17: =IF($B17="","",$C$1+1*$C$2) -> 0.33587014 | P17: =IF($B17="","",$C$1+2*$C$2) -> 0.63884555 | Q17: =IF($B17="","",$C$1+3*$C$2) -> 0.94182096
A18: 45078 | B18: =IF('Catalogo de Variaveis'!Q23="","",SUM('Catalogo de Variaveis'!Q20:Q23)) -> 1 | C18: =IFERROR(IF($B18="","",AVERAGE('Catalogo de Variaveis'!Q23-'Catalogo de Variaveis'!Q22,'Catalogo de Variaveis'!Q22-'Catalogo de Variaveis'!Q21,'Catalogo de Variaveis'!Q21-'Catalogo de Variaveis'!Q20,'Catalogo de Variaveis'!Q20-'Catalogo de Variaveis'!Q19)),0) -> 0 | D18: =IF($B18="","",IF(OR($J$1="",$J$2=""),$B$1-3*$B$2,$J$1-3*$J$2)) -> -2.9924757 | E18: =IF($B18="","",IF(OR($J$1="",$J$2=""),$B$1-2*$B$2,$J$1-2*$J$2)) -> -1.2756856 | F18: =IF($B18="","",IF(OR($J$1="",$J$2=""),$B$1-$B$2,$J$1-$J$2)) -> 0.44110459 | G18: =IF($B18="","",IF(OR($J$1="",$J$2=""),$B$1,$J$1)) -> 2.1578947 | H18: =IF($B18="","",IF(OR($J$1="",$J$2=""),$B$1+$B$2,$J$1+$J$2)) -> 3.8746849 | I18: =IF($B18="","",IF(OR($J$1="",$J$2=""),$B$1+2*$B$2,$J$1+2*$J$2)) -> 5.591475 | J18: =IF($B18="","",IF(OR($J$1="",$J$2=""),$B$1+3*$B$2,$J$1+3*$J$2)) -> 7.3082652 | K18: =IF($B18="","",$C$1-3*$C$2) -> -0.87603148 | L18: =IF($B18="","",$C$1-2*$C$2) -> -0.57305608 | M18: =IF($B18="","",$C$1-$C$2) -> -0.27008067 | N18: =IF($B18="","",$C$1) -> 0.032894737 | O18: =IF($B18="","",$C$1+1*$C$2) -> 0.33587014 | P18: =IF($B18="","",$C$1+2*$C$2) -> 0.63884555 | Q18: =IF($B18="","",$C$1+3*$C$2) -> 0.94182096
A19: 45108 | B19: =IF('Catalogo de Variaveis'!Q24="","",SUM('Catalogo de Variaveis'!Q21:Q24)) -> 1 | C19: =IFERROR(IF($B19="","",AVERAGE('Catalogo de Variaveis'!Q24-'Catalogo de Variaveis'!Q23,'Catalogo de Variaveis'!Q23-'Catalogo de Variaveis'!Q22,'Catalogo de Variaveis'!Q22-'Catalogo de Variaveis'!Q21,'Catalogo de Variaveis'!Q21-'Catalogo de Variaveis'!Q20)),0) -> 0 | D19: =IF($B19="","",IF(OR($J$1="",$J$2=""),$B$1-3*$B$2,$J$1-3*$J$2)) -> -2.9924757 | E19: =IF($B19="","",IF(OR($J$1="",$J$2=""),$B$1-2*$B$2,$J$1-2*$J$2)) -> -1.2756856 | F19: =IF($B19="","",IF(OR($J$1="",$J$2=""),$B$1-$B$2,$J$1-$J$2)) -> 0.44110459 | G19: =IF($B19="","",IF(OR($J$1="",$J$2=""),$B$1,$J$1)) -> 2.1578947 | H19: =IF($B19="","",IF(OR($J$1="",$J$2=""),$B$1+$B$2,$J$1+$J$2)) -> 3.8746849 | I19: =IF($B19="","",IF(OR($J$1="",$J$2=""),$B$1+2*$B$2,$J$1+2*$J$2)) -> 5.591475 | J19: =IF($B19="","",IF(OR($J$1="",$J$2=""),$B$1+3*$B$2,$J$1+3*$J$2)) -> 7.3082652 | K19: =IF($B19="","",$C$1-3*$C$2) -> -0.87603148 | L19: =IF($B19="","",$C$1-2*$C$2) -> -0.57305608 | M19: =IF($B19="","",$C$1-$C$2) -> -0.27008067 | N19: =IF($B19="","",$C$1) -> 0.032894737 | O19: =IF($B19="","",$C$1+1*$C$2) -> 0.33587014 | P19: =IF($B19="","",$C$1+2*$C$2) -> 0.63884555 | Q19: =IF($B19="","",$C$1+3*$C$2) -> 0.94182096
A20: 45139 | B20: =IF('Catalogo de Variaveis'!Q25="","",SUM('Catalogo de Variaveis'!Q22:Q25)) -> 0 | C20: =IFERROR(IF($B20="","",AVERAGE('Catalogo de Variaveis'!Q25-'Catalogo de Variaveis'!Q24,'Catalogo de Variaveis'!Q24-'Catalogo de Variaveis'!Q23,'Catalogo de Variaveis'!Q23-'Catalogo de Variaveis'!Q22,'Catalogo de Variaveis'!Q22-'Catalogo de Variaveis'!Q21)),0) -> -0.25 | D20: =IF($B20="","",IF(OR($J$1="",$J$2=""),$B$1-3*$B$2,$J$1-3*$J$2)) -> -2.9924757 | E20: =IF($B20="","",IF(OR($J$1="",$J$2=""),$B$1-2*$B$2,$J$1-2*$J$2)) -> -1.2756856 | F20: =IF($B20="","",IF(OR($J$1="",$J$2=""),$B$1-$B$2,$J$1-$J$2)) -> 0.44110459 | G20: =IF($B20="","",IF(OR($J$1="",$J$2=""),$B$1,$J$1)) -> 2.1578947 | H20: =IF($B20="","",IF(OR($J$1="",$J$2=""),$B$1+$B$2,$J$1+$J$2)) -> 3.8746849 | I20: =IF($B20="","",IF(OR($J$1="",$J$2=""),$B$1+2*$B$2,$J$1+2*$J$2)) -> 5.591475 | J20: =IF($B20="","",IF(OR($J$1="",$J$2=""),$B$1+3*$B$2,$J$1+3*$J$2)) -> 7.3082652 | K20: =IF($B20="","",$C$1-3*$C$2) -> -0.87603148 | L20: =IF($B20="","",$C$1-2*$C$2) -> -0.57305608 | M20: =IF($B20="","",$C$1-$C$2) -> -0.27008067 | N20: =IF($B20="","",$C$1) -> 0.032894737 | O20: =IF($B20="","",$C$1+1*$C$2) -> 0.33587014 | P20: =IF($B20="","",$C$1+2*$C$2) -> 0.63884555 | Q20: =IF($B20="","",$C$1+3*$C$2) -> 0.94182096
... A96: 47453 | B96: =IF('Catalogo de Variaveis'!Q101="","",SUM('Catalogo de Variaveis'!Q98:Q101)) | C96: =IFERROR(IF($B96="","",AVERAGE('Catalogo de Variaveis'!Q101-'Catalogo de Variaveis'!Q100,'Catalogo de Variaveis'!Q100-'Catalogo de Variaveis'!Q99,'Catalogo de Variaveis'!Q99-'Catalogo de Variaveis'!Q98,'Catalogo de Variaveis'!Q98-'Catalogo de Variaveis'!Q97)),0) | D96: =IF($B96="","",IF(OR($J$1="",$J$2=""),$B$1-3*$B$2,$J$1-3*$J$2)) | E96: =IF($B96="","",IF(OR($J$1="",$J$2=""),$B$1-2*$B$2,$J$1-2*$J$2)) | F96: =IF($B96="","",IF(OR($J$1="",$J$2=""),$B$1-$B$2,$J$1-$J$2)) | G96: =IF($B96="","",IF(OR($J$1="",$J$2=""),$B$1,$J$1)) | H96: =IF($B96="","",IF(OR($J$1="",$J$2=""),$B$1+$B$2,$J$1+$J$2)) | I96: =IF($B96="","",IF(OR($J$1="",$J$2=""),$B$1+2*$B$2,$J$1+2*$J$2)) | J96: =IF($B96="","",IF(OR($J$1="",$J$2=""),$B$1+3*$B$2,$J$1+3*$J$2)) | K96: =IF($B96="","",$C$1-3*$C$2) | L96: =IF($B96="","",$C$1-2*$C$2) | M96: =IF($B96="","",$C$1-$C$2) | N96: =IF($B96="","",$C$1) | O96: =IF($B96="","",$C$1+1*$C$2) | P96: =IF($B96="","",$C$1+2*$C$2) | Q96: =IF($B96="","",$C$1+3*$C$2)

Sheet V12
A1: Média | B1: =AVERAGE(B9:B1048576) -> 0.31578947 | C1: =AVERAGE(C9:C1048576) -> 0 | I1: LME | J1: =IF(LME="","",LME)
A2: Desvio Padrão | B2: =_xlfn.STDEV.S(B9:B1048576) -> 0.47106912 | C2: =_xlfn.STDEV.S(C9:C1048576) -> 0.10067341 | I2: VME | J2: =IF(VME="","",VME/3)
A3: Máximo | B3: =MAX(B9:B1048576) -> 1 | C3: =MAX(C9:C1048576) -> 0.25
A4: Mínimo | B4: =MIN(B9:B1048576) -> 0 | C4: =MIN(C9:C1048576) -> -0.25
A5: V12 - NÚMERO DE DENÚNCIAS DE CONFLITO DE INTERESSES APURADAS NO PERÍODO RECEBIDAS PELOS DIVERSOS CANAIS DE DENÚNCIAS DA COMPANHIA
A7: DADOS | D7: SOMA | K7: AMPLITUDE
A8: Período | B8: Soma | C8: Amplitude | D8: LIC | E8: L2I | F8: L1I | G8: LMC | H8: L1S | I8: L2S | J8: LSC | K8: LIC | L8: L2I | M8: L1I | N8: LMC | O8: L1S | P8: L2S | Q8: LSC
A9: 44805 | B9: =IF('Catalogo de Variaveis'!R14="","",SUM('Catalogo de Variaveis'!R11:R14)) -> 0 | C9: =IFERROR(IF($B9="","",AVERAGE('Catalogo de Variaveis'!R14-'Catalogo de Variaveis'!R13,'Catalogo de Variaveis'!R13-'Catalogo de Variaveis'!R12,'Catalogo de Variaveis'!R12-'Catalogo de Variaveis'!R11,'Catalogo de Variaveis'!R11-'Catalogo de Variaveis'!R10)),0) -> 0 | D9: =IF($B9="","",IF(OR($J$1="",$J$2=""),$B$1-3*$B$2,$J$1-3*$J$2)) -> -1.0974179 | E9: =IF($B9="","",IF(OR($J$1="",$J$2=""),$B$1-2*$B$2,$J$1-2*$J$2)) -> -0.62634877 | F9: =IF($B9="","",IF(OR($J$1="",$J$2=""),$B$1-$B$2,$J$1-$J$2)) -> -0.15527965 | G9: =IF($B9="","",IF(OR($J$1="",$J$2=""),$B$1,$J$1)) -> 0.31578947 | H9: =IF($B9="","",IF(OR($J$1="",$J$2=""),$B$1+$B$2,$J$1+$J$2)) -> 0.78685859 | I9: =IF($B9="","",IF(OR($J$1="",$J$2=""),$B$1+2*$B$2,$J$1+2*$J$2)) -> 1.2579277 | J9: =IF($B9="","",IF(OR($J$1="",$J$2=""),$B$1+3*$B$2,$J$1+3*$J$2)) -> 1.7289968 | K9: =IF($B9="","",$C$1-3*$C$2) -> -0.30202022 | L9: =IF($B9="","",$C$1-2*$C$2) -> -0.20134682 | M9: =IF($B9="","",$C$1-$C$2) -> -0.10067341 | N9: =IF($B9="","",$C$1) -> 0 | O9: =IF($B9="","",$C$1+1*$C$2) -> 0.10067341 | P9: =IF($B9="","",$C$1+2*$C$2) -> 0.20134682 | Q9: =IF($B9="","",$C$1+3*$C$2) -> 0.30202022
A10: 44835 | B10: =IF('Catalogo de Variaveis'!R15="","",SUM('Catalogo de Variaveis'!R12:R15)) -> 0 | C10: =IFERROR(IF($B10="","",AVERAGE('Catalogo de Variaveis'!R15-'Catalogo de Variaveis'!R14,'Catalogo de Variaveis'!R14-'Catalogo de Variaveis'!R13,'Catalogo de Variaveis'!R13-'Catalogo de Variaveis'!R12,'Catalogo de Variaveis'!R12-'Catalogo de Variaveis'!R11)),0) -> 0 | D10: =IF($B10="","",IF(OR($J$1="",$J$2=""),$B$1-3*$B$2,$J$1-3*$J$2)) -> -1.0974179 | E10: =IF($B10="","",IF(OR($J$1="",$J$2=""),$B$1-2*$B$2,$J$1-2*$J$2)) -> -0.62634877 | F10: =IF($B10="","",IF(OR($J$1="",$J$2=""),$B$1-$B$2,$J$1-$J$2)) -> -0.15527965 | G10: =IF($B10="","",IF(OR($J$1="",$J$2=""),$B$1,$J$1)) -> 0.31578947 | H10: =IF($B10="","",IF(OR($J$1="",$J$2=""),$B$1+$B$2,$J$1+$J$2)) -> 0.78685859 | I10: =IF($B10="","",IF(OR($J$1="",$J$2=""),$B$1+2*$B$2,$J$1+2*$J$2)) -> 1.2579277 | J10: =IF($B10="","",IF(OR($J$1="",$J$2=""),$B$1+3*$B$2,$J$1+3*$J$2)) -> 1.7289968 | K10: =IF($B10="","",$C$1-3*$C$2) -> -0.30202022 | L10: =IF($B10="","",$C$1-2*$C$2) -> -0.20134682 | M10: =IF($B10="","",$C$1-$C$2) -> -0.10067341 | N10: =IF($B10="","",$C$1) -> 0 | O10: =IF($B10="","",$C$1+1*$C$2) -> 0.10067341 | P10: =IF($B10="","",$C$1+2*$C$2) -> 0.20134682 | Q10: =IF($B10="","",$C$1+3*$C$2) -> 0.30202022
A11: 44866 | B11: =IF('Catalogo de Variaveis'!R16="","",SUM('Catalogo de Variaveis'!R13:R16)) -> 0 | C11: =IFERROR(IF($B11="","",AVERAGE('Catalogo de Variaveis'!R16-'Catalogo de Variaveis'!R15,'Catalogo de Variaveis'!R15-'Catalogo de Variaveis'!R14,'Catalogo de Variaveis'!R14-'Catalogo de Variaveis'!R13,'Catalogo de Variaveis'!R13-'Catalogo de Variaveis'!R12)),0) -> 0 | D11: =IF($B11="","",IF(OR($J$1="",$J$2=""),$B$1-3*$B$2,$J$1-3*$J$2)) -> -1.0974179 | E11: =IF($B11="","",IF(OR($J$1="",$J$2=""),$B$1-2*$B$2,$J$1-2*$J$2)) -> -0.62634877 | F11: =IF($B11="","",IF(OR($J$1="",$J$2=""),$B$1-$B$2,$J$1-$J$2)) -> -0.15527965 | G11: =IF($B11="","",IF(OR($J$1="",$J$2=""),$B$1,$J$1)) -> 0.31578947 | H11: =IF($B11="","",IF(OR($J$1="",$J$2=""),$B$1+$B$2,$J$1+$J$2)) -> 0.78685859 | I11: =IF($B11="","",IF(OR($J$1="",$J$2=""),$B$1+2*$B$2,$J$1+2*$J$2)) -> 1.2579277 | J11: =IF($B11="","",IF(OR($J$1="",$J$2=""),$B$1+3*$B$2,$J$1+3*$J$2)) -> 1.7289968 | K11: =IF($B11="","",$C$1-3*$C$2) -> -0.30202022 | L11: =IF($B11="","",$C$1-2*$C$2) -> -0.20134682 | M11: =IF($B11="","",$C$1-$C$2) -> -0.10067341 | N11: =IF($B11="","",$C$1) -> 0 | O11: =IF($B11="","",$C$1+1*$C$2) -> 0.10067341 | P11: =IF($B11="","",$C$1+2*$C$2) -> 0.20134682 | Q11: =IF($B11="","",$C$1+3*$C$2) -> 0.30202022
A12: 44896 | B12: =IF('Catalogo de Variaveis'!R17="","",SUM('Catalogo de Variaveis'!R14:R17)) -> 1 | C12: =IFERROR(IF($B12="","",AVERAGE('Catalogo de Variaveis'!R17-'Catalogo de Variaveis'!R16,'Catalogo de Variaveis'!R16-'Catalogo de Variaveis'!R15,'Catalogo de Variaveis'!R15-'Catalogo de Variaveis'!R14,'Catalogo de Variaveis'!R14-'Catalogo de Variaveis'!R13)),0) -> 0.25 | D12: =IF($B12="","",IF(OR($J$1="",$J$2=""),$B$1-3*$B$2,$J$1-3*$J$2)) -> -1.0974179 | E12: =IF($B12="","",IF(OR($J$1="",$J$2=""),$B$1-2*$B$2,$J$1-2*$J$2)) -> -0.62634877 | F12: =IF($B12="","",IF(OR($J$1="",$J$2=""),$B$1-$B$2,$J$1-$J$2)) -> -0.15527965 | G12: =IF($B12="","",IF(OR($J$1="",$J$2=""),$B$1,$J$1)) -> 0.31578947 | H12: =IF($B12="","",IF(OR($J$1="",$J$2=""),$B$1+$B$2,$J$1+$J$2)) -> 0.78685859 | I12: =IF($B12="","",IF(OR($J$1="",$J$2=""),$B$1+2*$B$2,$J$1+2*$J$2)) -> 1.2579277 | J12: =IF($B12="","",IF(OR($J$1="",$J$2=""),$B$1+3*$B$2,$J$1+3*$J$2)) -> 1.7289968 | K12: =IF($B12="","",$C$1-3*$C$2) -> -0.30202022 | L12: =IF($B12="","",$C$1-2*$C$2) -> -0.20134682 | M12: =IF($B12="","",$C$1-$C$2) -> -0.10067341 | N12: =IF($B12="","",$C$1) -> 0 | O12: =IF($B12="","",$C$1+1*$C$2) -> 0.10067341 | P12: =IF($B12="","",$C$1+2*$C$2) -> 0.20134682 | Q12: =IF($B12="","",$C$1+3*$C$2) -> 0.30202022
A13: 44927 | B13: =IF('Catalogo de Variaveis'!R18="","",SUM('Catalogo de Variaveis'!R15:R18)) -> 1 | C13: =IFERROR(IF($B13="","",AVERAGE('Catalogo de Variaveis'!R18-'Catalogo de Variaveis'!R17,'Catalogo de Variaveis'!R17-'Catalogo de Variaveis'!R16,'Catalogo de Variaveis'!R16-'Catalogo de Variaveis'!R15,'Catalogo de Variaveis'!R15-'Catalogo de Variaveis'!R14)),0) -> 0 | D13: =IF($B13="","",IF(OR($J$1="",$J$2=""),$B$1-3*$B$2,$J$1-3*$J$2)) -> -1.0974179 | E13: =IF($B13="","",IF(OR($J$1="",$J$2=""),$B$1-2*$B$2,$J$1-2*$J$2)) -> -0.62634877 | F13: =IF($B13="","",IF(OR($J$1="",$J$2=""),$B$1-$B$2,$J$1-$J$2)) -> -0.15527965 | G13: =IF($B13="","",IF(OR($J$1="",$J$2=""),$B$1,$J$1)) -> 0.31578947 | H13: =IF($B13="","",IF(OR($J$1="",$J$2=""),$B$1+$B$2,$J$1+$J$2)) -> 0.78685859 | I13: =IF($B13="","",IF(OR($J$1="",$J$2=""),$B$1+2*$B$2,$J$1+2*$J$2)) -> 1.2579277 | J13: =IF($B13="","",IF(OR($J$1="",$J$2=""),$B$1+3*$B$2,$J$1+3*$J$2)) -> 1.7289968 | K13: =IF($B13="","",$C$1-3*$C$2) -> -0.30202022 | L13: =IF($B13="","",$C$1-2*$C$2) -> -0.20134682 | M13: =IF($B13="","",$C$1-$C$2) -> -0.10067341 | N13: =IF($B13="","",$C$1) -> 0 | O13: =IF($B13="","",$C$1+1*$C$2) -> 0.10067341 | P13: =IF($B13="","",$C$1+2*$C$2) -> 0.20134682 | Q13: =IF($B13="","",$C$1+3*$C$2) -> 0.30202022
A14: 44958 | B14: =IF('Catalogo de Variaveis'!R19="","",SUM('Catalogo de Variaveis'!R16:R19)) -> 1 | C14: =IFERROR(IF($B14="","",AVERAGE('Catalogo de Variaveis'!R19-'Catalogo de Variaveis'!R18,'Catalogo de Variaveis'!R18-'Catalogo de Variaveis'!R17,'Catalogo de Variaveis'!R17-'Catalogo de Variaveis'!R16,'Catalogo de Variaveis'!R16-'Catalogo de Variaveis'!R15)),0) -> 0 | D14: =IF($B14="","",IF(OR($J$1="",$J$2=""),$B$1-3*$B$2,$J$1-3*$J$2)) -> -1.0974179 | E14: =IF($B14="","",IF(OR($J$1="",$J$2=""),$B$1-2*$B$2,$J$1-2*$J$2)) -> -0.62634877 | F14: =IF($B14="","",IF(OR($J$1="",$J$2=""),$B$1-$B$2,$J$1-$J$2)) -> -0.15527965 | G14: =IF($B14="","",IF(OR($J$1="",$J$2=""),$B$1,$J$1)) -> 0.31578947 | H14: =IF($B14="","",IF(OR($J$1="",$J$2=""),$B$1+$B$2,$J$1+$J$2)) -> 0.78685859 | I14: =IF($B14="","",IF(OR($J$1="",$J$2=""),$B$1+2*$B$2,$J$1+2*$J$2)) -> 1.2579277 | J14: =IF($B14="","",IF(OR($J$1="",$J$2=""),$B$1+3*$B$2,$J$1+3*$J$2)) -> 1.7289968 | K14: =IF($B14="","",$C$1-3*$C$2) -> -0.30202022 | L14: =IF($B14="","",$C$1-2*$C$2) -> -0.20134682 | M14: =IF($B14="","",$C$1-$C$2) -> -0.10067341 | N14: =IF($B14="","",$C$1) -> 0 | O14: =IF($B14="","",$C$1+1*$C$2) -> 0.10067341 | P14: =IF($B14="","",$C$1+2*$C$2) -> 0.20134682 | Q14: =IF($B14="","",$C$1+3*$C$2) -> 0.30202022
A15: 44986 | B15: =IF('Catalogo de Variaveis'!R20="","",SUM('Catalogo de Variaveis'!R17:R20)) -> 1 | C15: =IFERROR(IF($B15="","",AVERAGE('Catalogo de Variaveis'!R20-'Catalogo de Variaveis'!R19,'Catalogo de Variaveis'!R19-'Catalogo de Variaveis'!R18,'Catalogo de Variaveis'!R18-'Catalogo de Variaveis'!R17,'Catalogo de Variaveis'!R17-'Catalogo de Variaveis'!R16)),0) -> 0 | D15: =IF($B15="","",IF(OR($J$1="",$J$2=""),$B$1-3*$B$2,$J$1-3*$J$2)) -> -1.0974179 | E15: =IF($B15="","",IF(OR($J$1="",$J$2=""),$B$1-2*$B$2,$J$1-2*$J$2)) -> -0.62634877 | F15: =IF($B15="","",IF(OR($J$1="",$J$2=""),$B$1-$B$2,$J$1-$J$2)) -> -0.15527965 | G15: =IF($B15="","",IF(OR($J$1="",$J$2=""),$B$1,$J$1)) -> 0.31578947 | H15: =IF($B15="","",IF(OR($J$1="",$J$2=""),$B$1+$B$2,$J$1+$J$2)) -> 0.78685859 | I15: =IF($B15="","",IF(OR($J$1="",$J$2=""),$B$1+2*$B$2,$J$1+2*$J$2)) -> 1.2579277 | J15: =IF($B15="","",IF(OR($J$1="",$J$2=""),$B$1+3*$B$2,$J$1+3*$J$2)) -> 1.7289968 | K15: =IF($B15="","",$C$1-3*$C$2) -> -0.30202022 | L15: =IF($B15="","",$C$1-2*$C$2) -> -0.20134682 | M15: =IF($B15="","",$C$1-$C$2) -> -0.10067341 | N15: =IF($B15="","",$C$1) -> 0 | O15: =IF($B15="","",$C$1+1*$C$2) -> 0.10067341 | P15: =IF($B15="","",$C$1+2*$C$2) -> 0.20134682 | Q15: =IF($B15="","",$C$1+3*$C$2) -> 0.30202022
A16: 45017 | B16: =IF('Catalogo de Variaveis'!R21="","",SUM('Catalogo de Variaveis'!R18:R21)) -> 0 | C16: =IFERROR(IF($B16="","",AVERAGE('Catalogo de Variaveis'!R21-'Catalogo de Variaveis'!R20,'Catalogo de Variaveis'!R20-'Catalogo de Variaveis'!R19,'Catalogo de Variaveis'!R19-'Catalogo de Variaveis'!R18,'Catalogo de Variaveis'!R18-'Catalogo de Variaveis'!R17)),0) -> -0.25 | D16: =IF($B16="","",IF(OR($J$1="",$J$2=""),$B$1-3*$B$2,$J$1-3*$J$2)) -> -1.0974179 | E16: =IF($B16="","",IF(OR($J$1="",$J$2=""),$B$1-2*$B$2,$J$1-2*$J$2)) -> -0.62634877 | F16: =IF($B16="","",IF(OR($J$1="",$J$2=""),$B$1-$B$2,$J$1-$J$2)) -> -0.15527965 | G16: =IF($B16="","",IF(OR($J$1="",$J$2=""),$B$1,$J$1)) -> 0.31578947 | H16: =IF($B16="","",IF(OR($J$1="",$J$2=""),$B$1+$B$2,$J$1+$J$2)) -> 0.78685859 | I16: =IF($B16="","",IF(OR($J$1="",$J$2=""),$B$1+2*$B$2,$J$1+2*$J$2)) -> 1.2579277 | J16: =IF($B16="","",IF(OR($J$1="",$J$2=""),$B$1+3*$B$2,$J$1+3*$J$2)) -> 1.7289968 | K16: =IF($B16="","",$C$1-3*$C$2) -> -0.30202022 | L16: =IF($B16="","",$C$1-2*$C$2) -> -0.20134682 | M16: =IF($B16="","",$C$1-$C$2) -> -0.10067341 | N16: =IF($B16="","",$C$1) -> 0 | O16: =IF($B16="","",$C$1+1*$C$2) -> 0.10067341 | P16: =IF($B16="","",$C$1+2*$C$2) -> 0.20134682 | Q16: =IF($B16="","",$C$1+3*$C$2) -> 0.30202022
A17: 45047 | B17: =IF('Catalogo de Variaveis'!R22="","",SUM('Catalogo de Variaveis'!R19:R22)) -> 0 | C17: =IFERROR(IF($B17="","",AVERAGE('Catalogo de Variaveis'!R22-'Catalogo de Variaveis'!R21,'Catalogo de Variaveis'!R21-'Catalogo de Variaveis'!R20,'Catalogo de Variaveis'!R20-'Catalogo de Variaveis'!R19,'Catalogo de Variaveis'!R19-'Catalogo de Variaveis'!R18)),0) -> 0 | D17: =IF($B17="","",IF(OR($J$1="",$J$2=""),$B$1-3*$B$2,$J$1-3*$J$2)) -> -1.0974179 | E17: =IF($B17="","",IF(OR($J$1="",$J$2=""),$B$1-2*$B$2,$J$1-2*$J$2)) -> -0.62634877 | F17: =IF($B17="","",IF(OR($J$1="",$J$2=""),$B$1-$B$2,$J$1-$J$2)) -> -0.15527965 | G17: =IF($B17="","",IF(OR($J$1="",$J$2=""),$B$1,$J$1)) -> 0.31578947 | H17: =IF($B17="","",IF(OR($J$1="",$J$2=""),$B$1+$B$2,$J$1+$J$2)) -> 0.78685859 | I17: =IF($B17="","",IF(OR($J$1="",$J$2=""),$B$1+2*$B$2,$J$1+2*$J$2)) -> 1.2579277 | J17: =IF($B17="","",IF(OR($J$1="",$J$2=""),$B$1+3*$B$2,$J$1+3*$J$2)) -> 1.7289968 | K17: =IF($B17="","",$C$1-3*$C$2) -> -0.30202022 | L17: =IF($B17="","",$C$1-2*$C$2) -> -0.20134682 | M17: =IF($B17="","",$C$1-$C$2) -> -0.10067341 | N17: =IF($B17="","",$C$1) -> 0 | O17: =IF($B17="","",$C$1+1*$C$2) -> 0.10067341 | P17: =IF($B17="","",$C$1+2*$C$2) -> 0.20134682 | Q17: =IF($B17="","",$C$1+3*$C$2) -> 0.30202022
A18: 45078 | B18: =IF('Catalogo de Variaveis'!R23="","",SUM('Catalogo de Variaveis'!R20:R23)) -> 0 | C18: =IFERROR(IF($B18="","",AVERAGE('Catalogo de Variaveis'!R23-'Catalogo de Variaveis'!R22,'Catalogo de Variaveis'!R22-'Catalogo de Variaveis'!R21,'Catalogo de Variaveis'!R21-'Catalogo de Variaveis'!R20,'Catalogo de Variaveis'!R20-'Catalogo de Variaveis'!R19)),0) -> 0 | D18: =IF($B18="","",IF(OR($J$1="",$J$2=""),$B$1-3*$B$2,$J$1-3*$J$2)) -> -1.0974179 | E18: =IF($B18="","",IF(OR($J$1="",$J$2=""),$B$1-2*$B$2,$J$1-2*$J$2)) -> -0.62634877 | F18: =IF($B18="","",IF(OR($J$1="",$J$2=""),$B$1-$B$2,$J$1-$J$2)) -> -0.15527965 | G18: =IF($B18="","",IF(OR($J$1="",$J$2=""),$B$1,$J$1)) -> 0.31578947 | H18: =IF($B18="","",IF(OR($J$1="",$J$2=""),$B$1+$B$2,$J$1+$J$2)) -> 0.78685859 | I18: =IF($B18="","",IF(OR($J$1="",$J$2=""),$B$1+2*$B$2,$J$1+2*$J$2)) -> 1.2579277 | J18: =IF($B18="","",IF(OR($J$1="",$J$2=""),$B$1+3*$B$2,$J$1+3*$J$2)) -> 1.7289968 | K18: =IF($B18="","",$C$1-3*$C$2) -> -0.30202022 | L18: =IF($B18="","",$C$1-2*$C$2) -> -0.20134682 | M18: =IF($B18="","",$C$1-$C$2) -> -0.10067341 | N18: =IF($B18="","",$C$1) -> 0 | O18: =IF($B18="","",$C$1+1*$C$2) -> 0.10067341 | P18: =IF($B18="","",$C$1+2*$C$2) -> 0.20134682 | Q18: =IF($B18="","",$C$1+3*$C$2) -> 0.30202022
A19: 45108 | B19: =IF('Catalogo de Variaveis'!R24="","",SUM('Catalogo de Variaveis'!R21:R24)) -> 0 | C19: =IFERROR(IF($B19="","",AVERAGE('Catalogo de Variaveis'!R24-'Catalogo de Variaveis'!R23,'Catalogo de Variaveis'!R23-'Catalogo de Variaveis'!R22,'Catalogo de Variaveis'!R22-'Catalogo de Variaveis'!R21,'Catalogo de Variaveis'!R21-'Catalogo de Variaveis'!R20)),0) -> 0 | D19: =IF($B19="","",IF(OR($J$1="",$J$2=""),$B$1-3*$B$2,$J$1-3*$J$2)) -> -1.0974179 | E19: =IF($B19="","",IF(OR($J$1="",$J$2=""),$B$1-2*$B$2,$J$1-2*$J$2)) -> -0.62634877 | F19: =IF($B19="","",IF(OR($J$1="",$J$2=""),$B$1-$B$2,$J$1-$J$2)) -> -0.15527965 | G19: =IF($B19="","",IF(OR($J$1="",$J$2=""),$B$1,$J$1)) -> 0.31578947 | H19: =IF($B19="","",IF(OR($J$1="",$J$2=""),$B$1+$B$2,$J$1+$J$2)) -> 0.78685859 | I19: =IF($B19="","",IF(OR($J$1="",$J$2=""),$B$1+2*$B$2,$J$1+2*$J$2)) -> 1.2579277 | J19: =IF($B19="","",IF(OR($J$1="",$J$2=""),$B$1+3*$B$2,$J$1+3*$J$2)) -> 1.7289968 | K19: =IF($B19="","",$C$1-3*$C$2) -> -0.30202022 | L19: =IF($B19="","",$C$1-2*$C$2) -> -0.20134682 | M19: =IF($B19="","",$C$1-$C$2) -> -0.10067341 | N19: =IF($B19="","",$C$1) -> 0 | O19: =IF($B19="","",$C$1+1*$C$2) -> 0.10067341 | P19: =IF($B19="","",$C$1+2*$C$2) -> 0.20134682 | Q19: =IF($B19="","",$C$1+3*$C$2) -> 0.30202022
A20: 45139 | B20: =IF('Catalogo de Variaveis'!R25="","",SUM('Catalogo de Variaveis'!R22:R25)) -> 0 | C20: =IFERROR(IF($B20="","",AVERAGE('Catalogo de Variaveis'!R25-'Catalogo de Variaveis'!R24,'Catalogo de Variaveis'!R24-'Catalogo de Variaveis'!R23,'Catalogo de Variaveis'!R23-'Catalogo de Variaveis'!R22,'Catalogo de Variaveis'!R22-'Catalogo de Variaveis'!R21)),0) -> 0 | D20: =IF($B20="","",IF(OR($J$1="",$J$2=""),$B$1-3*$B$2,$J$1-3*$J$2)) -> -1.0974179 | E20: =IF($B20="","",IF(OR($J$1="",$J$2=""),$B$1-2*$B$2,$J$1-2*$J$2)) -> -0.62634877 | F20: =IF($B20="","",IF(OR($J$1="",$J$2=""),$B$1-$B$2,$J$1-$J$2)) -> -0.15527965 | G20: =IF($B20="","",IF(OR($J$1="",$J$2=""),$B$1,$J$1)) -> 0.31578947 | H20: =IF($B20="","",IF(OR($J$1="",$J$2=""),$B$1+$B$2,$J$1+$J$2)) -> 0.78685859 | I20: =IF($B20="","",IF(OR($J$1="",$J$2=""),$B$1+2*$B$2,$J$1+2*$J$2)) -> 1.2579277 | J20: =IF($B20="","",IF(OR($J$1="",$J$2=""),$B$1+3*$B$2,$J$1+3*$J$2)) -> 1.7289968 | K20: =IF($B20="","",$C$1-3*$C$2) -> -0.30202022 | L20: =IF($B20="","",$C$1-2*$C$2) -> -0.20134682 | M20: =IF($B20="","",$C$1-$C$2) -> -0.10067341 | N20: =IF($B20="","",$C$1) -> 0 | O20: =IF($B20="","",$C$1+1*$C$2) -> 0.10067341 | P20: =IF($B20="","",$C$1+2*$C$2) -> 0.20134682 | Q20: =IF($B20="","",$C$1+3*$C$2) -> 0.30202022
... A96: 47453 | B96: =IF('Catalogo de Variaveis'!R101="","",SUM('Catalogo de Variaveis'!R98:R101)) | C96: =IFERROR(IF($B96="","",AVERAGE('Catalogo de Variaveis'!R101-'Catalogo de Variaveis'!R100,'Catalogo de Variaveis'!R100-'Catalogo de Variaveis'!R99,'Catalogo de Variaveis'!R99-'Catalogo de Variaveis'!R98,'Catalogo de Variaveis'!R98-'Catalogo de Variaveis'!R97)),0) | D96: =IF($B96="","",IF(OR($J$1="",$J$2=""),$B$1-3*$B$2,$J$1-3*$J$2)) | E96: =IF($B96="","",IF(OR($J$1="",$J$2=""),$B$1-2*$B$2,$J$1-2*$J$2)) | F96: =IF($B96="","",IF(OR($J$1="",$J$2=""),$B$1-$B$2,$J$1-$J$2)) | G96: =IF($B96="","",IF(OR($J$1="",$J$2=""),$B$1,$J$1)) | H96: =IF($B96="","",IF(OR($J$1="",$J$2=""),$B$1+$B$2,$J$1+$J$2)) | I96: =IF($B96="","",IF(OR($J$1="",$J$2=""),$B$1+2*$B$2,$J$1+2*$J$2)) | J96: =IF($B96="","",IF(OR($J$1="",$J$2=""),$B$1+3*$B$2,$J$1+3*$J$2)) | K96: =IF($B96="","",$C$1-3*$C$2) | L96: =IF($B96="","",$C$1-2*$C$2) | M96: =IF($B96="","",$C$1-$C$2) | N96: =IF($B96="","",$C$1) | O96: =IF($B96="","",$C$1+1*$C$2) | P96: =IF($B96="","",$C$1+2*$C$2) | Q96: =IF($B96="","",$C$1+3*$C$2)

Sheet V13
A1: Média | B1: =AVERAGE(B9:B1048576) -> 15.368421 | C1: =AVERAGE(C9:C1048576) -> 0.013157895 | I1: LME | J1: =IF(LME="","",LME)
A2: Desvio Padrão | B2: =_xlfn.STDEV.S(B9:B1048576) -> 6.8356026 | C2: =_xlfn.STDEV.S(C9:C1048576) -> 0.84419194 | I2: VME | J2: =IF(VME="","",VME/3)
A3: Máximo | B3: =MAX(B9:B1048576) -> 30 | C3: =MAX(C9:C1048576) -> 2
A4: Mínimo | B4: =MIN(B9:B1048576) -> 2 | C4: =MIN(C9:C1048576) -> -1.75
A5: V13 - NÚMERO DE DENÚNCIAS CONSIDERADAS PROCEDENTES COM INDICATIVO DE TAC, PAD, TCE, MEDIAÇÃO DE CONFLITOS E APURAÇÃO ÉTICA
A7: DADOS | D7: SOMA | K7: AMPLITUDE
A8: Período | B8: Soma | C8: Amplitude | D8: LIC | E8: L2I | F8: L1I | G8: LMC | H8: L1S | I8: L2S | J8: LSC | K8: LIC | L8: L2I | M8: L1I | N8: LMC | O8: L1S | P8: L2S | Q8: LSC
A9: 44805 | B9: =IF('Catalogo de Variaveis'!S14="","",SUM('Catalogo de Variaveis'!S11:S14)) -> 6 | C9: =IFERROR(IF($B9="","",AVERAGE('Catalogo de Variaveis'!S14-'Catalogo de Variaveis'!S13,'Catalogo de Variaveis'!S13-'Catalogo de Variaveis'!S12,'Catalogo de Variaveis'!S12-'Catalogo de Variaveis'!S11,'Catalogo de Variaveis'!S11-'Catalogo de Variaveis'!S10)),0) -> 1.5 | D9: =IF($B9="","",IF(OR($J$1="",$J$2=""),$B$1-3*$B$2,$J$1-3*$J$2)) -> -5.1383866 | E9: =IF($B9="","",IF(OR($J$1="",$J$2=""),$B$1-2*$B$2,$J$1-2*$J$2)) -> 1.6972159 | F9: =IF($B9="","",IF(OR($J$1="",$J$2=""),$B$1-$B$2,$J$1-$J$2)) -> 8.5328185 | G9: =IF($B9="","",IF(OR($J$1="",$J$2=""),$B$1,$J$1)) -> 15.368421 | H9: =IF($B9="","",IF(OR($J$1="",$J$2=""),$B$1+$B$2,$J$1+$J$2)) -> 22.204024 | I9: =IF($B9="","",IF(OR($J$1="",$J$2=""),$B$1+2*$B$2,$J$1+2*$J$2)) -> 29.039626 | J9: =IF($B9="","",IF(OR($J$1="",$J$2=""),$B$1+3*$B$2,$J$1+3*$J$2)) -> 35.875229 | K9: =IF($B9="","",$C$1-3*$C$2) -> -2.5194179 | L9: =IF($B9="","",$C$1-2*$C$2) -> -1.675226 | M9: =IF($B9="","",$C$1-$C$2) -> -0.83103404 | N9: =IF($B9="","",$C$1) -> 0.013157895 | O9: =IF($B9="","",$C$1+1*$C$2) -> 0.85734983 | P9: =IF($B9="","",$C$1+2*$C$2) -> 1.7015418 | Q9: =IF($B9="","",$C$1+3*$C$2) -> 2.5457337
A10: 44835 | B10: =IF('Catalogo de Variaveis'!S15="","",SUM('Catalogo de Variaveis'!S12:S15)) -> 10 | C10: =IFERROR(IF($B10="","",AVERAGE('Catalogo de Variaveis'!S15-'Catalogo de Variaveis'!S14,'Catalogo de Variaveis'!S14-'Catalogo de Variaveis'!S13,'Catalogo de Variaveis'!S13-'Catalogo de Variaveis'!S12,'Catalogo de Variaveis'!S12-'Catalogo de Variaveis'!S11)),0) -> 1 | D10: =IF($B10="","",IF(OR($J$1="",$J$2=""),$B$1-3*$B$2,$J$1-3*$J$2)) -> -5.1383866 | E10: =IF($B10="","",IF(OR($J$1="",$J$2=""),$B$1-2*$B$2,$J$1-2*$J$2)) -> 1.6972159 | F10: =IF($B10="","",IF(OR($J$1="",$J$2=""),$B$1-$B$2,$J$1-$J$2)) -> 8.5328185 | G10: =IF($B10="","",IF(OR($J$1="",$J$2=""),$B$1,$J$1)) -> 15.368421 | H10: =IF($B10="","",IF(OR($J$1="",$J$2=""),$B$1+$B$2,$J$1+$J$2)) -> 22.204024 | I10: =IF($B10="","",IF(OR($J$1="",$J$2=""),$B$1+2*$B$2,$J$1+2*$J$2)) -> 29.039626 | J10: =IF($B10="","",IF(OR($J$1="",$J$2=""),$B$1+3*$B$2,$J$1+3*$J$2)) -> 35.875229 | K10: =IF($B10="","",$C$1-3*$C$2) -> -2.5194179 | L10: =IF($B10="","",$C$1-2*$C$2) -> -1.675226 | M10: =IF($B10="","",$C$1-$C$2) -> -0.83103404 | N10: =IF($B10="","",$C$1) -> 0.013157895 | O10: =IF($B10="","",$C$1+1*$C$2) -> 0.85734983 | P10: =IF($B10="","",$C$1+2*$C$2) -> 1.7015418 | Q10: =IF($B10="","",$C$1+3*$C$2) -> 2.5457337
A11: 44866 | B11: =IF('Catalogo de Variaveis'!S16="","",SUM('Catalogo de Variaveis'!S13:S16)) -> 18 | C11: =IFERROR(IF($B11="","",AVERAGE('Catalogo de Variaveis'!S16-'Catalogo de Variaveis'!S15,'Catalogo de Variaveis'!S15-'Catalogo de Variaveis'!S14,'Catalogo de Variaveis'!S14-'Catalogo de Variaveis'!S13,'Catalogo de Variaveis'!S13-'Catalogo de Variaveis'!S12)),0) -> 2 | D11: =IF($B11="","",IF(OR($J$1="",$J$2=""),$B$1-3*$B$2,$J$1-3*$J$2)) -> -5.1383866 | E11: =IF($B11="","",IF(OR($J$1="",$J$2=""),$B$1-2*$B$2,$J$1-2*$J$2)) -> 1.6972159 | F11: =IF($B11="","",IF(OR($J$1="",$J$2=""),$B$1-$B$2,$J$1-$J$2)) -> 8.5328185 | G11: =IF($B11="","",IF(OR($J$1="",$J$2=""),$B$1,$J$1)) -> 15.368421 | H11: =IF($B11="","",IF(OR($J$1="",$J$2=""),$B$1+$B$2,$J$1+$J$2)) -> 22.204024 | I11: =IF($B11="","",IF(OR($J$1="",$J$2=""),$B$1+2*$B$2,$J$1+2*$J$2)) -> 29.039626 | J11: =IF($B11="","",IF(OR($J$1="",$J$2=""),$B$1+3*$B$2,$J$1+3*$J$2)) -> 35.875229 | K11: =IF($B11="","",$C$1-3*$C$2) -> -2.5194179 | L11: =IF($B11="","",$C$1-2*$C$2) -> -1.675226 | M11: =IF($B11="","",$C$1-$C$2) -> -0.83103404 | N11: =IF($B11="","",$C$1) -> 0.013157895 | O11: =IF($B11="","",$C$1+1*$C$2) -> 0.85734983 | P11: =IF($B11="","",$C$1+2*$C$2) -> 1.7015418 | Q11: =IF($B11="","",$C$1+3*$C$2) -> 2.5457337
A12: 44896 | B12: =IF('Catalogo de Variaveis'!S17="","",SUM('Catalogo de Variaveis'!S14:S17)) -> 20 | C12: =IFERROR(IF($B12="","",AVERAGE('Catalogo de Variaveis'!S17-'Catalogo de Variaveis'!S16,'Catalogo de Variaveis'!S16-'Catalogo de Variaveis'!S15,'Catalogo de Variaveis'!S15-'Catalogo de Variaveis'!S14,'Catalogo de Variaveis'!S14-'Catalogo de Variaveis'!S13)),0) -> 0.5 | D12: =IF($B12="","",IF(OR($J$1="",$J$2=""),$B$1-3*$B$2,$J$1-3*$J$2)) -> -5.1383866 | E12: =IF($B12="","",IF(OR($J$1="",$J$2=""),$B$1-2*$B$2,$J$1-2*$J$2)) -> 1.6972159 | F12: =IF($B12="","",IF(OR($J$1="",$J$2=""),$B$1-$B$2,$J$1-$J$2)) -> 8.5328185 | G12: =IF($B12="","",IF(OR($J$1="",$J$2=""),$B$1,$J$1)) -> 15.368421 | H12: =IF($B12="","",IF(OR($J$1="",$J$2=""),$B$1+$B$2,$J$1+$J$2)) -> 22.204024 | I12: =IF($B12="","",IF(OR($J$1="",$J$2=""),$B$1+2*$B$2,$J$1+2*$J$2)) -> 29.039626 | J12: =IF($B12="","",IF(OR($J$1="",$J$2=""),$B$1+3*$B$2,$J$1+3*$J$2)) -> 35.875229 | K12: =IF($B12="","",$C$1-3*$C$2) -> -2.5194179 | L12: =IF($B12="","",$C$1-2*$C$2) -> -1.675226 | M12: =IF($B12="","",$C$1-$C$2) -> -0.83103404 | N12: =IF($B12="","",$C$1) -> 0.013157895 | O12: =IF($B12="","",$C$1+1*$C$2) -> 0.85734983 | P12: =IF($B12="","",$C$1+2*$C$2) -> 1.7015418 | Q12: =IF($B12="","",$C$1+3*$C$2) -> 2.5457337
A13: 44927 | B13: =IF('Catalogo de Variaveis'!S18="","",SUM('Catalogo de Variaveis'!S15:S18)) -> 16 | C13: =IFERROR(IF($B13="","",AVERAGE('Catalogo de Variaveis'!S18-'Catalogo de Variaveis'!S17,'Catalogo de Variaveis'!S17-'Catalogo de Variaveis'!S16,'Catalogo de Variaveis'!S16-'Catalogo de Variaveis'!S15,'Catalogo de Variaveis'!S15-'Catalogo de Variaveis'!S14)),0) -> -1 | D13: =IF($B13="","",IF(OR($J$1="",$J$2=""),$B$1-3*$B$2,$J$1-3*$J$2)) -> -5.1383866 | E13: =IF($B13="","",IF(OR($J$1="",$J$2=""),$B$1-2*$B$2,$J$1-2*$J$2)) -> 1.6972159 | F13: =IF($B13="","",IF(OR($J$1="",$J$2=""),$B$1-$B$2,$J$1-$J$2)) -> 8.5328185 | G13: =IF($B13="","",IF(OR($J$1="",$J$2=""),$B$1,$J$1)) -> 15.368421 | H13: =IF($B13="","",IF(OR($J$1="",$J$2=""),$B$1+$B$2,$J$1+$J$2)) -> 22.204024 | I13: =IF($B13="","",IF(OR($J$1="",$J$2=""),$B$1+2*$B$2,$J$1+2*$J$2)) -> 29.039626 | J13: =IF($B13="","",IF(OR($J$1="",$J$2=""),$B$1+3*$B$2,$J$1+3*$J$2)) -> 35.875229 | K13: =IF($B13="","",$C$1-3*$C$2) -> -2.5194179 | L13: =IF($B13="","",$C$1-2*$C$2) -> -1.675226 | M13: =IF($B13="","",$C$1-$C$2) -> -0.83103404 | N13: =IF($B13="","",$C$1) -> 0.013157895 | O13: =IF($B13="","",$C$1+1*$C$2) -> 0.85734983 | P13: =IF($B13="","",$C$1+2*$C$2) -> 1.7015418 | Q13: =IF($B13="","",$C$1+3*$C$2) -> 2.5457337
A14: 44958 | B14: =IF('Catalogo de Variaveis'!S19="","",SUM('Catalogo de Variaveis'!S16:S19)) -> 14 | C14: =IFERROR(IF($B14="","",AVERAGE('Catalogo de Variaveis'!S19-'Catalogo de Variaveis'!S18,'Catalogo de Variaveis'!S18-'Catalogo de Variaveis'!S17,'Catalogo de Variaveis'!S17-'Catalogo de Variaveis'!S16,'Catalogo de Variaveis'!S16-'Catalogo de Variaveis'!S15)),0) -> -0.5 | D14: =IF($B14="","",IF(OR($J$1="",$J$2=""),$B$1-3*$B$2,$J$1-3*$J$2)) -> -5.1383866 | E14: =IF($B14="","",IF(OR($J$1="",$J$2=""),$B$1-2*$B$2,$J$1-2*$J$2)) -> 1.6972159 | F14: =IF($B14="","",IF(OR($J$1="",$J$2=""),$B$1-$B$2,$J$1-$J$2)) -> 8.5328185 | G14: =IF($B14="","",IF(OR($J$1="",$J$2=""),$B$1,$J$1)) -> 15.368421 | H14: =IF($B14="","",IF(OR($J$1="",$J$2=""),$B$1+$B$2,$J$1+$J$2)) -> 22.204024 | I14: =IF($B14="","",IF(OR($J$1="",$J$2=""),$B$1+2*$B$2,$J$1+2*$J$2)) -> 29.039626 | J14: =IF($B14="","",IF(OR($J$1="",$J$2=""),$B$1+3*$B$2,$J$1+3*$J$2)) -> 35.875229 | K14: =IF($B14="","",$C$1-3*$C$2) -> -2.5194179 | L14: =IF($B14="","",$C$1-2*$C$2) -> -1.675226 | M14: =IF($B14="","",$C$1-$C$2) -> -0.83103404 | N14: =IF($B14="","",$C$1) -> 0.013157895 | O14: =IF($B14="","",$C$1+1*$C$2) -> 0.85734983 | P14: =IF($B14="","",$C$1+2*$C$2) -> 1.7015418 | Q14: =IF($B14="","",$C$1+3*$C$2) -> 2.5457337
A15: 44986 | B15: =IF('Catalogo de Variaveis'!S20="","",SUM('Catalogo de Variaveis'!S17:S20)) -> 14 | C15: =IFERROR(IF($B15="","",AVERAGE('Catalogo de Variaveis'!S20-'Catalogo de Variaveis'!S19,'Catalogo de Variaveis'!S19-'Catalogo de Variaveis'!S18,'Catalogo de Variaveis'!S18-'Catalogo de Variaveis'!S17,'Catalogo de Variaveis'!S17-'Catalogo de Variaveis'!S16)),0) -> 0 | D15: =IF($B15="","",IF(OR($J$1="",$J$2=""),$B$1-3*$B$2,$J$1-3*$J$2)) -> -5.1383866 | E15: =IF($B15="","",IF(OR($J$1="",$J$2=""),$B$1-2*$B$2,$J$1-2*$J$2)) -> 1.6972159 | F15: =IF($B15="","",IF(OR($J$1="",$J$2=""),$B$1-$B$2,$J$1-$J$2)) -> 8.5328185 | G15: =IF($B15="","",IF(OR($J$1="",$J$2=""),$B$1,$J$1)) -> 15.368421 | H15: =IF($B15="","",IF(OR($J$1="",$J$2=""),$B$1+$B$2,$J$1+$J$2)) -> 22.204024 | I15: =IF($B15="","",IF(OR($J$1="",$J$2=""),$B$1+2*$B$2,$J$1+2*$J$2)) -> 29.039626 | J15: =IF($B15="","",IF(OR($J$1="",$J$2=""),$B$1+3*$B$2,$J$1+3*$J$2)) -> 35.875229 | K15: =IF($B15="","",$C$1-3*$C$2) -> -2.5194179 | L15: =IF($B15="","",$C$1-2*$C$2) -> -1.675226 | M15: =IF($B15="","",$C$1-$C$2) -> -0.83103404 | N15: =IF($B15="","",$C$1) -> 0.013157895 | O15: =IF($B15="","",$C$1+1*$C$2) -> 0.85734983 | P15: =IF($B15="","",$C$1+2*$C$2) -> 1.7015418 | Q15: =IF($B15="","",$C$1+3*$C$2) -> 2.5457337
A16: 45017 | B16: =IF('Catalogo de Variaveis'!S21="","",SUM('Catalogo de Variaveis'!S18:S21)) -> 16 | C16: =IFERROR(IF($B16="","",AVERAGE('Catalogo de Variaveis'!S21-'Catalogo de Variaveis'!S20,'Catalogo de Variaveis'!S20-'Catalogo de Variaveis'!S19,'Catalogo de Variaveis'!S19-'Catalogo de Variaveis'!S18,'Catalogo de Variaveis'!S18-'Catalogo de Variaveis'!S17)),0) -> 0.5 | D16: =IF($B16="","",IF(OR($J$1="",$J$2=""),$B$1-3*$B$2,$J$1-3*$J$2)) -> -5.1383866 | E16: =IF($B16="","",IF(OR($J$1="",$J$2=""),$B$1-2*$B$2,$J$1-2*$J$2)) -> 1.6972159 | F16: =IF($B16="","",IF(OR($J$1="",$J$2=""),$B$1-$B$2,$J$1-$J$2)) -> 8.5328185 | G16: =IF($B16="","",IF(OR($J$1="",$J$2=""),$B$1,$J$1)) -> 15.368421 | H16: =IF($B16="","",IF(OR($J$1="",$J$2=""),$B$1+$B$2,$J$1+$J$2)) -> 22.204024 | I16: =IF($B16="","",IF(OR($J$1="",$J$2=""),$B$1+2*$B$2,$J$1+2*$J$2)) -> 29.039626 | J16: =IF($B16="","",IF(OR($J$1="",$J$2=""),$B$1+3*$B$2,$J$1+3*$J$2)) -> 35.875229 | K16: =IF($B16="","",$C$1-3*$C$2) -> -2.5194179 | L16: =IF($B16="","",$C$1-2*$C$2) -> -1.675226 | M16: =IF($B16="","",$C$1-$C$2) -> -0.83103404 | N16: =IF($B16="","",$C$1) -> 0.013157895 | O16: =IF($B16="","",$C$1+1*$C$2) -> 0.85734983 | P16: =IF($B16="","",$C$1+2*$C$2) -> 1.7015418 | Q16: =IF($B16="","",$C$1+3*$C$2) -> 2.5457337
A17: 45047 | B17: =IF('Catalogo de Variaveis'!S22="","",SUM('Catalogo de Variaveis'!S19:S22)) -> 18 | C17: =IFERROR(IF($B17="","",AVERAGE('Catalogo de Variaveis'!S22-'Catalogo de Variaveis'!S21,'Catalogo de Variaveis'!S21-'Catalogo de Variaveis'!S20,'Catalogo de Variaveis'!S20-'Catalogo de Variaveis'!S19,'Catalogo de Variaveis'!S19-'Catalogo de Variaveis'!S18)),0) -> 0.5 | D17: =IF($B17="","",IF(OR($J$1="",$J$2=""),$B$1-3*$B$2,$J$1-3*$J$2)) -> -5.1383866 | E17: =IF($B17="","",IF(OR($J$1="",$J$2=""),$B$1-2*$B$2,$J$1-2*$J$2)) -> 1.6972159 | F17: =IF($B17="","",IF(OR($J$1="",$J$2=""),$B$1-$B$2,$J$1-$J$2)) -> 8.5328185 | G17: =IF($B17="","",IF(OR($J$1="",$J$2=""),$B$1,$J$1)) -> 15.368421 | H17: =IF($B17="","",IF(OR($J$1="",$J$2=""),$B$1+$B$2,$J$1+$J$2)) -> 22.204024 | I17: =IF($B17="","",IF(OR($J$1="",$J$2=""),$B$1+2*$B$2,$J$1+2*$J$2)) -> 29.039626 | J17: =IF($B17="","",IF(OR($J$1="",$J$2=""),$B$1+3*$B$2,$J$1+3*$J$2)) -> 35.875229 | K17: =IF($B17="","",$C$1-3*$C$2) -> -2.5194179 | L17: =IF($B17="","",$C$1-2*$C$2) -> -1.675226 | M17: =IF($B17="","",$C$1-$C$2) -> -0.83103404 | N17: =IF($B17="","",$C$1) -> 0.013157895 | O17: =IF($B17="","",$C$1+1*$C$2) -> 0.85734983 | P17: =IF($B17="","",$C$1+2*$C$2) -> 1.7015418 | Q17: =IF($B17="","",$C$1+3*$C$2) -> 2.5457337
A18: 45078 | B18: =IF('Catalogo de Variaveis'!S23="","",SUM('Catalogo de Variaveis'!S20:S23)) -> 23 | C18: =IFERROR(IF($B18="","",AVERAGE('Catalogo de Variaveis'!S23-'Catalogo de Variaveis'!S22,'Catalogo de Variaveis'!S22-'Catalogo de Variaveis'!S21,'Catalogo de Variaveis'!S21-'Catalogo de Variaveis'!S20,'Catalogo de Variaveis'!S20-'Catalogo de Variaveis'!S19)),0) -> 1.25 | D18: =IF($B18="","",IF(OR($J$1="",$J$2=""),$B$1-3*$B$2,$J$1-3*$J$2)) -> -5.1383866 | E18: =IF($B18="","",IF(OR($J$1="",$J$2=""),$B$1-2*$B$2,$J$1-2*$J$2)) -> 1.6972159 | F18: =IF($B18="","",IF(OR($J$1="",$J$2=""),$B$1-$B$2,$J$1-$J$2)) -> 8.5328185 | G18: =IF($B18="","",IF(OR($J$1="",$J$2=""),$B$1,$J$1)) -> 15.368421 | H18: =IF($B18="","",IF(OR($J$1="",$J$2=""),$B$1+$B$2,$J$1+$J$2)) -> 22.204024 | I18: =IF($B18="","",IF(OR($J$1="",$J$2=""),$B$1+2*$B$2,$J$1+2*$J$2)) -> 29.039626 | J18: =IF($B18="","",IF(OR($J$1="",$J$2=""),$B$1+3*$B$2,$J$1+3*$J$2)) -> 35.875229 | K18: =IF($B18="","",$C$1-3*$C$2) -> -2.5194179 | L18: =IF($B18="","",$C$1-2*$C$2) -> -1.675226 | M18: =IF($B18="","",$C$1-$C$2) -> -0.83103404 | N18: =IF($B18="","",$C$1) -> 0.013157895 | O18: =IF($B18="","",$C$1+1*$C$2) -> 0.85734983 | P18: =IF($B18="","",$C$1+2*$C$2) -> 1.7015418 | Q18: =IF($B18="","",$C$1+3*$C$2) -> 2.5457337
A19: 45108 | B19: =IF('Catalogo de Variaveis'!S24="","",SUM('Catalogo de Variaveis'!S21:S24)) -> 20 | C19: =IFERROR(IF($B19="","",AVERAGE('Catalogo de Variaveis'!S24-'Catalogo de Variaveis'!S23,'Catalogo de Variaveis'!S23-'Catalogo de Variaveis'!S22,'Catalogo de Variaveis'!S22-'Catalogo de Variaveis'!S21,'Catalogo de Variaveis'!S21-'Catalogo de Variaveis'!S20)),0) -> -0.75 | D19: =IF($B19="","",IF(OR($J$1="",$J$2=""),$B$1-3*$B$2,$J$1-3*$J$2)) -> -5.1383866 | E19: =IF($B19="","",IF(OR($J$1="",$J$2=""),$B$1-2*$B$2,$J$1-2*$J$2)) -> 1.6972159 | F19: =IF($B19="","",IF(OR($J$1="",$J$2=""),$B$1-$B$2,$J$1-$J$2)) -> 8.5328185 | G19: =IF($B19="","",IF(OR($J$1="",$J$2=""),$B$1,$J$1)) -> 15.368421 | H19: =IF($B19="","",IF(OR($J$1="",$J$2=""),$B$1+$B$2,$J$1+$J$2)) -> 22.204024 | I19: =IF($B19="","",IF(OR($J$1="",$J$2=""),$B$1+2*$B$2,$J$1+2*$J$2)) -> 29.039626 | J19: =IF($B19="","",IF(OR($J$1="",$J$2=""),$B$1+3*$B$2,$J$1+3*$J$2)) -> 35.875229 | K19: =IF($B19="","",$C$1-3*$C$2) -> -2.5194179 | L19: =IF($B19="","",$C$1-2*$C$2) -> -1.675226 | M19: =IF($B19="","",$C$1-$C$2) -> -0.83103404 | N19: =IF($B19="","",$C$1) -> 0.013157895 | O19: =IF($B19="","",$C$1+1*$C$2) -> 0.85734983 | P19: =IF($B19="","",$C$1+2*$C$2) -> 1.7015418 | Q19: =IF($B19="","",$C$1+3*$C$2) -> 2.5457337
A20: 45139 | B20: =IF('Catalogo de Variaveis'!S25="","",SUM('Catalogo de Variaveis'!S22:S25)) -> 22 | C20: =IFERROR(IF($B20="","",AVERAGE('Catalogo de Variaveis'!S25-'Catalogo de Variaveis'!S24,'Catalogo de Variaveis'!S24-'Catalogo de Variaveis'!S23,'Catalogo de Variaveis'!S23-'Catalogo de Variaveis'!S22,'Catalogo de Variaveis'!S22-'Catalogo de Variaveis'!S21)),0) -> 0.5 | D20: =IF($B20="","",IF(OR($J$1="",$J$2=""),$B$1-3*$B$2,$J$1-3*$J$2)) -> -5.1383866 | E20: =IF($B20="","",IF(OR($J$1="",$J$2=""),$B$1-2*$B$2,$J$1-2*$J$2)) -> 1.6972159 | F20: =IF($B20="","",IF(OR($J$1="",$J$2=""),$B$1-$B$2,$J$1-$J$2)) -> 8.5328185 | G20: =IF($B20="","",IF(OR($J$1="",$J$2=""),$B$1,$J$1)) -> 15.368421 | H20: =IF($B20="","",IF(OR($J$1="",$J$2=""),$B$1+$B$2,$J$1+$J$2)) -> 22.204024 | I20: =IF($B20="","",IF(OR($J$1="",$J$2=""),$B$1+2*$B$2,$J$1+2*$J$2)) -> 29.039626 | J20: =IF($B20="","",IF(OR($J$1="",$J$2=""),$B$1+3*$B$2,$J$1+3*$J$2)) -> 35.875229 | K20: =IF($B20="","",$C$1-3*$C$2) -> -2.5194179 | L20: =IF($B20="","",$C$1-2*$C$2) -> -1.675226 | M20: =IF($B20="","",$C$1-$C$2) -> -0.83103404 | N20: =IF($B20="","",$C$1) -> 0.013157895 | O20: =IF($B20="","",$C$1+1*$C$2) -> 0.85734983 | P20: =IF($B20="","",$C$1+2*$C$2) -> 1.7015418 | Q20: =IF($B20="","",$C$1+3*$C$2) -> 2.5457337
... A96: 47453 | B96: =IF('Catalogo de Variaveis'!S101="","",SUM('Catalogo de Variaveis'!S98:S101)) | C96: =IFERROR(IF($B96="","",AVERAGE('Catalogo de Variaveis'!S101-'Catalogo de Variaveis'!S100,'Catalogo de Variaveis'!S100-'Catalogo de Variaveis'!S99,'Catalogo de Variaveis'!S99-'Catalogo de Variaveis'!S98,'Catalogo de Variaveis'!S98-'Catalogo de Variaveis'!S97)),0) | D96: =IF($B96="","",IF(OR($J$1="",$J$2=""),$B$1-3*$B$2,$J$1-3*$J$2)) | E96: =IF($B96="","",IF(OR($J$1="",$J$2=""),$B$1-2*$B$2,$J$1-2*$J$2)) | F96: =IF($B96="","",IF(OR($J$1="",$J$2=""),$B$1-$B$2,$J$1-$J$2)) | G96: =IF($B96="","",IF(OR($J$1="",$J$2=""),$B$1,$J$1)) | H96: =IF($B96="","",IF(OR($J$1="",$J$2=""),$B$1+$B$2,$J$1+$J$2)) | I96: =IF($B96="","",IF(OR($J$1="",$J$2=""),$B$1+2*$B$2,$J$1+2*$J$2)) | J96: =IF($B96="","",IF(OR($J$1="",$J$2=""),$B$1+3*$B$2,$J$1+3*$J$2)) | K96: =IF($B96="","",$C$1-3*$C$2) | L96: =IF($B96="","",$C$1-2*$C$2) | M96: =IF($B96="","",$C$1-$C$2) | N96: =IF($B96="","",$C$1) | O96: =IF($B96="","",$C$1+1*$C$2) | P96: =IF($B96="","",$C$1+2*$C$2) | Q96: =IF($B96="","",$C$1+3*$C$2)

Sheet V14
A1: Média | B1: =AVERAGE(B9:B1048576) -> 15.052632 | C1: =AVERAGE(C9:C1048576) -> 0.013157895 | I1: LME | J1: =IF(LME="","",LME)
A2: Desvio Padrão | B2: =_xlfn.STDEV.S(B9:B1048576) -> 6.3286025 | C2: =_xlfn.STDEV.S(C9:C1048576) -> 0.8073718 | I2: VME | J2: =IF(VME="","",VME/3)
A3: Máximo | B3: =MAX(B9:B1048576) -> 27 | C3: =MAX(C9:C1048576) -> 2
A4: Mínimo | B4: =MIN(B9:B1048576) -> 2 | C4: =MIN(C9:C1048576) -> -1.5
A5: 0
A7: DADOS | D7: SOMA | K7: AMPLITUDE
A8: Período | B8: Soma | C8: Amplitude | D8: LIC | E8: L2I | F8: L1I | G8: LMC | H8: L1S | I8: L2S | J8: LSC | K8: LIC | L8: L2I | M8: L1I | N8: LMC | O8: L1S | P8: L2S | Q8: LSC
A9: 44805 | B9: =IF('Catalogo de Variaveis'!T14="","",SUM('Catalogo de Variaveis'!T11:T14)) -> 6 | C9: =IFERROR(IF($B9="","",AVERAGE('Catalogo de Variaveis'!T14-'Catalogo de Variaveis'!T13,'Catalogo de Variaveis'!T13-'Catalogo de Variaveis'!T12,'Catalogo de Variaveis'!T12-'Catalogo de Variaveis'!T11,'Catalogo de Variaveis'!T11-'Catalogo de Variaveis'!T10)),0) -> 1.5 | D9: =IF($B9="","",IF(OR($J$1="",$J$2=""),$B$1-3*$B$2,$J$1-3*$J$2)) -> -3.9331758 | E9: =IF($B9="","",IF(OR($J$1="",$J$2=""),$B$1-2*$B$2,$J$1-2*$J$2)) -> 2.3954267 | F9: =IF($B9="","",IF(OR($J$1="",$J$2=""),$B$1-$B$2,$J$1-$J$2)) -> 8.7240291 | G9: =IF($B9="","",IF(OR($J$1="",$J$2=""),$B$1,$J$1)) -> 15.052632 | H9: =IF($B9="","",IF(OR($J$1="",$J$2=""),$B$1+$B$2,$J$1+$J$2)) -> 21.381234 | I9: =IF($B9="","",IF(OR($J$1="",$J$2=""),$B$1+2*$B$2,$J$1+2*$J$2)) -> 27.709837 | J9: =IF($B9="","",IF(OR($J$1="",$J$2=""),$B$1+3*$B$2,$J$1+3*$J$2)) -> 34.038439 | K9: =IF($B9="","",$C$1-3*$C$2) -> -2.4089575 | L9: =IF($B9="","",$C$1-2*$C$2) -> -1.6015857 | M9: =IF($B9="","",$C$1-$C$2) -> -0.7942139 | N9: =IF($B9="","",$C$1) -> 0.013157895 | O9: =IF($B9="","",$C$1+1*$C$2) -> 0.82052969 | P9: =IF($B9="","",$C$1+2*$C$2) -> 1.6279015 | Q9: =IF($B9="","",$C$1+3*$C$2) -> 2.4352733
A10: 44835 | B10: =IF('Catalogo de Variaveis'!T15="","",SUM('Catalogo de Variaveis'!T12:T15)) -> 10 | C10: =IFERROR(IF($B10="","",AVERAGE('Catalogo de Variaveis'!T15-'Catalogo de Variaveis'!T14,'Catalogo de Variaveis'!T14-'Catalogo de Variaveis'!T13,'Catalogo de Variaveis'!T13-'Catalogo de Variaveis'!T12,'Catalogo de Variaveis'!T12-'Catalogo de Variaveis'!T11)),0) -> 1 | D10: =IF($B10="","",IF(OR($J$1="",$J$2=""),$B$1-3*$B$2,$J$1-3*$J$2)) -> -3.9331758 | E10: =IF($B10="","",IF(OR($J$1="",$J$2=""),$B$1-2*$B$2,$J$1-2*$J$2)) -> 2.3954267 | F10: =IF($B10="","",IF(OR($J$1="",$J$2=""),$B$1-$B$2,$J$1-$J$2)) -> 8.7240291 | G10: =IF($B10="","",IF(OR($J$1="",$J$2=""),$B$1,$J$1)) -> 15.052632 | H10: =IF($B10="","",IF(OR($J$1="",$J$2=""),$B$1+$B$2,$J$1+$J$2)) -> 21.381234 | I10: =IF($B10="","",IF(OR($J$1="",$J$2=""),$B$1+2*$B$2,$J$1+2*$J$2)) -> 27.709837 | J10: =IF($B10="","",IF(OR($J$1="",$J$2=""),$B$1+3*$B$2,$J$1+3*$J$2)) -> 34.038439 | K10: =IF($B10="","",$C$1-3*$C$2) -> -2.4089575 | L10: =IF($B10="","",$C$1-2*$C$2) -> -1.6015857 | M10: =IF($B10="","",$C$1-$C$2) -> -0.7942139 | N10: =IF($B10="","",$C$1) -> 0.013157895 | O10: =IF($B10="","",$C$1+1*$C$2) -> 0.82052969 | P10: =IF($B10="","",$C$1+2*$C$2) -> 1.6279015 | Q10: =IF($B10="","",$C$1+3*$C$2) -> 2.4352733
A11: 44866 | B11: =IF('Catalogo de Variaveis'!T16="","",SUM('Catalogo de Variaveis'!T13:T16)) -> 18 | C11: =IFERROR(IF($B11="","",AVERAGE('Catalogo de Variaveis'!T16-'Catalogo de Variaveis'!T15,'Catalogo de Variaveis'!T15-'Catalogo de Variaveis'!T14,'Catalogo de Variaveis'!T14-'Catalogo de Variaveis'!T13,'Catalogo de Variaveis'!T13-'Catalogo de Variaveis'!T12)),0) -> 2 | D11: =IF($B11="","",IF(OR($J$1="",$J$2=""),$B$1-3*$B$2,$J$1-3*$J$2)) -> -3.9331758 | E11: =IF($B11="","",IF(OR($J$1="",$J$2=""),$B$1-2*$B$2,$J$1-2*$J$2)) -> 2.3954267 | F11: =IF($B11="","",IF(OR($J$1="",$J$2=""),$B$1-$B$2,$J$1-$J$2)) -> 8.7240291 | G11: =IF($B11="","",IF(OR($J$1="",$J$2=""),$B$1,$J$1)) -> 15.052632 | H11: =IF($B11="","",IF(OR($J$1="",$J$2=""),$B$1+$B$2,$J$1+$J$2)) -> 21.381234 | I11: =IF($B11="","",IF(OR($J$1="",$J$2=""),$B$1+2*$B$2,$J$1+2*$J$2)) -> 27.709837 | J11: =IF($B11="","",IF(OR($J$1="",$J$2=""),$B$1+3*$B$2,$J$1+3*$J$2)) -> 34.038439 | K11: =IF($B11="","",$C$1-3*$C$2) -> -2.4089575 | L11: =IF($B11="","",$C$1-2*$C$2) -> -1.6015857 | M11: =IF($B11="","",$C$1-$C$2) -> -0.7942139 | N11: =IF($B11="","",$C$1) -> 0.013157895 | O11: =IF($B11="","",$C$1+1*$C$2) -> 0.82052969 | P11: =IF($B11="","",$C$1+2*$C$2) -> 1.6279015 | Q11: =IF($B11="","",$C$1+3*$C$2) -> 2.4352733
A12: 44896 | B12: =IF('Catalogo de Variaveis'!T17="","",SUM('Catalogo de Variaveis'!T14:T17)) -> 20 | C12: =IFERROR(IF($B12="","",AVERAGE('Catalogo de Variaveis'!T17-'Catalogo de Variaveis'!T16,'Catalogo de Variaveis'!T16-'Catalogo de Variaveis'!T15,'Catalogo de Variaveis'!T15-'Catalogo de Variaveis'!T14,'Catalogo de Variaveis'!T14-'Catalogo de Variaveis'!T13)),0) -> 0.5 | D12: =IF($B12="","",IF(OR($J$1="",$J$2=""),$B$1-3*$B$2,$J$1-3*$J$2)) -> -3.9331758 | E12: =IF($B12="","",IF(OR($J$1="",$J$2=""),$B$1-2*$B$2,$J$1-2*$J$2)) -> 2.3954267 | F12: =IF($B12="","",IF(OR($J$1="",$J$2=""),$B$1-$B$2,$J$1-$J$2)) -> 8.7240291 | G12: =IF($B12="","",IF(OR($J$1="",$J$2=""),$B$1,$J$1)) -> 15.052632 | H12: =IF($B12="","",IF(OR($J$1="",$J$2=""),$B$1+$B$2,$J$1+$J$2)) -> 21.381234 | I12: =IF($B12="","",IF(OR($J$1="",$J$2=""),$B$1+2*$B$2,$J$1+2*$J$2)) -> 27.709837 | J12: =IF($B12="","",IF(OR($J$1="",$J$2=""),$B$1+3*$B$2,$J$1+3*$J$2)) -> 34.038439 | K12: =IF($B12="","",$C$1-3*$C$2) -> -2.4089575 | L12: =IF($B12="","",$C$1-2*$C$2) -> -1.6015857 | M12: =IF($B12="","",$C$1-$C$2) -> -0.7942139 | N12: =IF($B12="","",$C$1) -> 0.013157895 | O12: =IF($B12="","",$C$1+1*$C$2) -> 0.82052969 | P12: =IF($B12="","",$C$1+2*$C$2) -> 1.6279015 | Q12: =IF($B12="","",$C$1+3*$C$2) -> 2.4352733
A13: 44927 | B13: =IF('Catalogo de Variaveis'!T18="","",SUM('Catalogo de Variaveis'!T15:T18)) -> 16 | C13: =IFERROR(IF($B13="","",AVERAGE('Catalogo de Variaveis'!T18-'Catalogo de Variaveis'!T17,'Catalogo de Variaveis'!T17-'Catalogo de Variaveis'!T16,'Catalogo de Variaveis'!T16-'Catalogo de Variaveis'!T15,'Catalogo de Variaveis'!T15-'Catalogo de Variaveis'!T14)),0) -> -1 | D13: =IF($B13="","",IF(OR($J$1="",$J$2=""),$B$1-3*$B$2,$J$1-3*$J$2)) -> -3.9331758 | E13: =IF($B13="","",IF(OR($J$1="",$J$2=""),$B$1-2*$B$2,$J$1-2*$J$2)) -> 2.3954267 | F13: =IF($B13="","",IF(OR($J$1="",$J$2=""),$B$1-$B$2,$J$1-$J$2)) -> 8.7240291 | G13: =IF($B13="","",IF(OR($J$1="",$J$2=""),$B$1,$J$1)) -> 15.052632 | H13: =IF($B13="","",IF(OR($J$1="",$J$2=""),$B$1+$B$2,$J$1+$J$2)) -> 21.381234 | I13: =IF($B13="","",IF(OR($J$1="",$J$2=""),$B$1+2*$B$2,$J$1+2*$J$2)) -> 27.709837 | J13: =IF($B13="","",IF(OR($J$1="",$J$2=""),$B$1+3*$B$2,$J$1+3*$J$2)) -> 34.038439 | K13: =IF($B13="","",$C$1-3*$C$2) -> -2.4089575 | L13: =IF($B13="","",$C$1-2*$C$2) -> -1.6015857 | M13: =IF($B13="","",$C$1-$C$2) -> -0.7942139 | N13: =IF($B13="","",$C$1) -> 0.013157895 | O13: =IF($B13="","",$C$1+1*$C$2) -> 0.82052969 | P13: =IF($B13="","",$C$1+2*$C$2) -> 1.6279015 | Q13: =IF($B13="","",$C$1+3*$C$2) -> 2.4352733
A14: 44958 | B14: =IF('Catalogo de Variaveis'!T19="","",SUM('Catalogo de Variaveis'!T16:T19)) -> 14 | C14: =IFERROR(IF($B14="","",AVERAGE('Catalogo de Variaveis'!T19-'Catalogo de Variaveis'!T18,'Catalogo de Variaveis'!T18-'Catalogo de Variaveis'!T17,'Catalogo de Variaveis'!T17-'Catalogo de Variaveis'!T16,'Catalogo de Variaveis'!T16-'Catalogo de Variaveis'!T15)),0) -> -0.5 | D14: =IF($B14="","",IF(OR($J$1="",$J$2=""),$B$1-3*$B$2,$J$1-3*$J$2)) -> -3.9331758 | E14: =IF($B14="","",IF(OR($J$1="",$J$2=""),$B$1-2*$B$2,$J$1-2*$J$2)) -> 2.3954267 | F14: =IF($B14="","",IF(OR($J$1="",$J$2=""),$B$1-$B$2,$J$1-$J$2)) -> 8.7240291 | G14: =IF($B14="","",IF(OR($J$1="",$J$2=""),$B$1,$J$1)) -> 15.052632 | H14: =IF($B14="","",IF(OR($J$1="",$J$2=""),$B$1+$B$2,$J$1+$J$2)) -> 21.381234 | I14: =IF($B14="","",IF(OR($J$1="",$J$2=""),$B$1+2*$B$2,$J$1+2*$J$2)) -> 27.709837 | J14: =IF($B14="","",IF(OR($J$1="",$J$2=""),$B$1+3*$B$2,$J$1+3*$J$2)) -> 34.038439 | K14: =IF($B14="","",$C$1-3*$C$2) -> -2.4089575 | L14: =IF($B14="","",$C$1-2*$C$2) -> -1.6015857 | M14: =IF($B14="","",$C$1-$C$2) -> -0.7942139 | N14: =IF($B14="","",$C$1) -> 0.013157895 | O14: =IF($B14="","",$C$1+1*$C$2) -> 0.82052969 | P14: =IF($B14="","",$C$1+2*$C$2) -> 1.6279015 | Q14: =IF($B14="","",$C$1+3*$C$2) -> 2.4352733
A15: 44986 | B15: =IF('Catalogo de Variaveis'!T20="","",SUM('Catalogo de Variaveis'!T17:T20)) -> 14 | C15: =IFERROR(IF($B15="","",AVERAGE('Catalogo de Variaveis'!T20-'Catalogo de Variaveis'!T19,'Catalogo de Variaveis'!T19-'Catalogo de Variaveis'!T18,'Catalogo de Variaveis'!T18-'Catalogo de Variaveis'!T17,'Catalogo de Variaveis'!T17-'Catalogo de Variaveis'!T16)),0) -> 0 | D15: =IF($B15="","",IF(OR($J$1="",$J$2=""),$B$1-3*$B$2,$J$1-3*$J$2)) -> -3.9331758 | E15: =IF($B15="","",IF(OR($J$1="",$J$2=""),$B$1-2*$B$2,$J$1-2*$J$2)) -> 2.3954267 | F15: =IF($B15="","",IF(OR($J$1="",$J$2=""),$B$1-$B$2,$J$1-$J$2)) -> 8.7240291 | G15: =IF($B15="","",IF(OR($J$1="",$J$2=""),$B$1,$J$1)) -> 15.052632 | H15: =IF($B15="","",IF(OR($J$1="",$J$2=""),$B$1+$B$2,$J$1+$J$2)) -> 21.381234 | I15: =IF($B15="","",IF(OR($J$1="",$J$2=""),$B$1+2*$B$2,$J$1+2*$J$2)) -> 27.709837 | J15: =IF($B15="","",IF(OR($J$1="",$J$2=""),$B$1+3*$B$2,$J$1+3*$J$2)) -> 34.038439 | K15: =IF($B15="","",$C$1-3*$C$2) -> -2.4089575 | L15: =IF($B15="","",$C$1-2*$C$2) -> -1.6015857 | M15: =IF($B15="","",$C$1-$C$2) -> -0.7942139 | N15: =IF($B15="","",$C$1) -> 0.013157895 | O15: =IF($B15="","",$C$1+1*$C$2) -> 0.82052969 | P15: =IF($B15="","",$C$1+2*$C$2) -> 1.6279015 | Q15: =IF($B15="","",$C$1+3*$C$2) -> 2.4352733
A16: 45017 | B16: =IF('Catalogo de Variaveis'!T21="","",SUM('Catalogo de Variaveis'!T18:T21)) -> 16 | C16: =IFERROR(IF($B16="","",AVERAGE('Catalogo de Variaveis'!T21-'Catalogo de Variaveis'!T20,'Catalogo de Variaveis'!T20-'Catalogo de Variaveis'!T19,'Catalogo de Variaveis'!T19-'Catalogo de Variaveis'!T18,'Catalogo de Variaveis'!T18-'Catalogo de Variaveis'!T17)),0) -> 0.5 | D16: =IF($B16="","",IF(OR($J$1="",$J$2=""),$B$1-3*$B$2,$J$1-3*$J$2)) -> -3.9331758 | E16: =IF($B16="","",IF(OR($J$1="",$J$2=""),$B$1-2*$B$2,$J$1-2*$J$2)) -> 2.3954267 | F16: =IF($B16="","",IF(OR($J$1="",$J$2=""),$B$1-$B$2,$J$1-$J$2)) -> 8.7240291 | G16: =IF($B16="","",IF(OR($J$1="",$J$2=""),$B$1,$J$1)) -> 15.052632 | H16: =IF($B16="","",IF(OR($J$1="",$J$2=""),$B$1+$B$2,$J$1+$J$2)) -> 21.381234 | I16: =IF($B16="","",IF(OR($J$1="",$J$2=""),$B$1+2*$B$2,$J$1+2*$J$2)) -> 27.709837 | J16: =IF($B16="","",IF(OR($J$1="",$J$2=""),$B$1+3*$B$2,$J$1+3*$J$2)) -> 34.038439 | K16: =IF($B16="","",$C$1-3*$C$2) -> -2.4089575 | L16: =IF($B16="","",$C$1-2*$C$2) -> -1.6015857 | M16: =IF($B16="","",$C$1-$C$2) -> -0.7942139 | N16: =IF($B16="","",$C$1) -> 0.013157895 | O16: =IF($B16="","",$C$1+1*$C$2) -> 0.82052969 | P16: =IF($B16="","",$C$1+2*$C$2) -> 1.6279015 | Q16: =IF($B16="","",$C$1+3*$C$2) -> 2.4352733
A17: 45047 | B17: =IF('Catalogo de Variaveis'!T22="","",SUM('Catalogo de Variaveis'!T19:T22)) -> 18 | C17: =IFERROR(IF($B17="","",AVERAGE('Catalogo de Variaveis'!T22-'Catalogo de Variaveis'!T21,'Catalogo de Variaveis'!T21-'Catalogo de Variaveis'!T20,'Catalogo de Variaveis'!T20-'Catalogo de Variaveis'!T19,'Catalogo de Variaveis'!T19-'Catalogo de Variaveis'!T18)),0) -> 0.5 | D17: =IF($B17="","",IF(OR($J$1="",$J$2=""),$B$1-3*$B$2,$J$1-3*$J$2)) -> -3.9331758 | E17: =IF($B17="","",IF(OR($J$1="",$J$2=""),$B$1-2*$B$2,$J$1-2*$J$2)) -> 2.3954267 | F17: =IF($B17="","",IF(OR($J$1="",$J$2=""),$B$1-$B$2,$J$1-$J$2)) -> 8.7240291 | G17: =IF($B17="","",IF(OR($J$1="",$J$2=""),$B$1,$J$1)) -> 15.052632 | H17: =IF($B17="","",IF(OR($J$1="",$J$2=""),$B$1+$B$2,$J$1+$J$2)) -> 21.381234 | I17: =IF($B17="","",IF(OR($J$1="",$J$2=""),$B$1+2*$B$2,$J$1+2*$J$2)) -> 27.709837 | J17: =IF($B17="","",IF(OR($J$1="",$J$2=""),$B$1+3*$B$2,$J$1+3*$J$2)) -> 34.038439 | K17: =IF($B17="","",$C$1-3*$C$2) -> -2.4089575 | L17: =IF($B17="","",$C$1-2*$C$2) -> -1.6015857 | M17: =IF($B17="","",$C$1-$C$2) -> -0.7942139 | N17: =IF($B17="","",$C$1) -> 0.013157895 | O17: =IF($B17="","",$C$1+1*$C$2) -> 0.82052969 | P17: =IF($B17="","",$C$1+2*$C$2) -> 1.6279015 | Q17: =IF($B17="","",$C$1+3*$C$2) -> 2.4352733
A18: 45078 | B18: =IF('Catalogo de Variaveis'!T23="","",SUM('Catalogo de Variaveis'!T20:T23)) -> 23 | C18: =IFERROR(IF($B18="","",AVERAGE('Catalogo de Variaveis'!T23-'Catalogo de Variaveis'!T22,'Catalogo de Variaveis'!T22-'Catalogo de Variaveis'!T21,'Catalogo de Variaveis'!T21-'Catalogo de Variaveis'!T20,'Catalogo de Variaveis'!T20-'Catalogo de Variaveis'!T19)),0) -> 1.25 | D18: =IF($B18="","",IF(OR($J$1="",$J$2=""),$B$1-3*$B$2,$J$1-3*$J$2)) -> -3.9331758 | E18: =IF($B18="","",IF(OR($J$1="",$J$2=""),$B$1-2*$B$2,$J$1-2*$J$2)) -> 2.3954267 | F18: =IF($B18="","",IF(OR($J$1="",$J$2=""),$B$1-$B$2,$J$1-$J$2)) -> 8.7240291 | G18: =IF($B18="","",IF(OR($J$1="",$J$2=""),$B$1,$J$1)) -> 15.052632 | H18: =IF($B18="","",IF(OR($J$1="",$J$2=""),$B$1+$B$2,$J$1+$J$2)) -> 21.381234 | I18: =IF($B18="","",IF(OR($J$1="",$J$2=""),$B$1+2*$B$2,$J$1+2*$J$2)) -> 27.709837 | J18: =IF($B18="","",IF(OR($J$1="",$J$2=""),$B$1+3*$B$2,$J$1+3*$J$2)) -> 34.038439 | K18: =IF($B18="","",$C$1-3*$C$2) -> -2.4089575 | L18: =IF($B18="","",$C$1-2*$C$2) -> -1.6015857 | M18: =IF($B18="","",$C$1-$C$2) -> -0.7942139 | N18: =IF($B18="","",$C$1) -> 0.013157895 | O18: =IF($B18="","",$C$1+1*$C$2) -> 0.82052969 | P18: =IF($B18="","",$C$1+2*$C$2) -> 1.6279015 | Q18: =IF($B18="","",$C$1+3*$C$2) -> 2.4352733
A19: 45108 | B19: =IF('Catalogo de Variaveis'!T24="","",SUM('Catalogo de Variaveis'!T21:T24)) -> 20 | C19: =IFERROR(IF($B19="","",AVERAGE('Catalogo de Variaveis'!T24-'Catalogo de Variaveis'!T23,'Catalogo de Variaveis'!T23-'Catalogo de Variaveis'!T22,'Catalogo de Variaveis'!T22-'Catalogo de Variaveis'!T21,'Catalogo de Variaveis'!T21-'Catalogo de Variaveis'!T20)),0) -> -0.75 | D19: =IF($B19="","",IF(OR($J$1="",$J$2=""),$B$1-3*$B$2,$J$1-3*$J$2)) -> -3.9331758 | E19: =IF($B19="","",IF(OR($J$1="",$J$2=""),$B$1-2*$B$2,$J$1-2*$J$2)) -> 2.3954267 | F19: =IF($B19="","",IF(OR($J$1="",$J$2=""),$B$1-$B$2,$J$1-$J$2)) -> 8.7240291 | G19: =IF($B19="","",IF(OR($J$1="",$J$2=""),$B$1,$J$1)) -> 15.052632 | H19: =IF($B19="","",IF(OR($J$1="",$J$2=""),$B$1+$B$2,$J$1+$J$2)) -> 21.381234 | I19: =IF($B19="","",IF(OR($J$1="",$J$2=""),$B$1+2*$B$2,$J$1+2*$J$2)) -> 27.709837 | J19: =IF($B19="","",IF(OR($J$1="",$J$2=""),$B$1+3*$B$2,$J$1+3*$J$2)) -> 34.038439 | K19: =IF($B19="","",$C$1-3*$C$2) -> -2.4089575 | L19: =IF($B19="","",$C$1-2*$C$2) -> -1.6015857 | M19: =IF($B19="","",$C$1-$C$2) -> -0.7942139 | N19: =IF($B19="","",$C$1) -> 0.013157895 | O19: =IF($B19="","",$C$1+1*$C$2) -> 0.82052969 | P19: =IF($B19="","",$C$1+2*$C$2) -> 1.6279015 | Q19: =IF($B19="","",$C$1+3*$C$2) -> 2.4352733
A20: 45139 | B20: =IF('Catalogo de Variaveis'!T25="","",SUM('Catalogo de Variaveis'!T22:T25)) -> 22 | C20: =IFERROR(IF($B20="","",AVERAGE('Catalogo de Variaveis'!T25-'Catalogo de Variaveis'!T24,'Catalogo de Variaveis'!T24-'Catalogo de Variaveis'!T23,'Catalogo de Variaveis'!T23-'Catalogo de Variaveis'!T22,'Catalogo de Variaveis'!T22-'Catalogo de Variaveis'!T21)),0) -> 0.5 | D20: =IF($B20="","",IF(OR($J$1="",$J$2=""),$B$1-3*$B$2,$J$1-3*$J$2)) -> -3.9331758 | E20: =IF($B20="","",IF(OR($J$1="",$J$2=""),$B$1-2*$B$2,$J$1-2*$J$2)) -> 2.3954267 | F20: =IF($B20="","",IF(OR($J$1="",$J$2=""),$B$1-$B$2,$J$1-$J$2)) -> 8.7240291 | G20: =IF($B20="","",IF(OR($J$1="",$J$2=""),$B$1,$J$1)) -> 15.052632 | H20: =IF($B20="","",IF(OR($J$1="",$J$2=""),$B$1+$B$2,$J$1+$J$2)) -> 21.381234 | I20: =IF($B20="","",IF(OR($J$1="",$J$2=""),$B$1+2*$B$2,$J$1+2*$J$2)) -> 27.709837 | J20: =IF($B20="","",IF(OR($J$1="",$J$2=""),$B$1+3*$B$2,$J$1+3*$J$2)) -> 34.038439 | K20: =IF($B20="","",$C$1-3*$C$2) -> -2.4089575 | L20: =IF($B20="","",$C$1-2*$C$2) -> -1.6015857 | M20: =IF($B20="","",$C$1-$C$2) -> -0.7942139 | N20: =IF($B20="","",$C$1) -> 0.013157895 | O20: =IF($B20="","",$C$1+1*$C$2) -> 0.82052969 | P20: =IF($B20="","",$C$1+2*$C$2) -> 1.6279015 | Q20: =IF($B20="","",$C$1+3*$C$2) -> 2.4352733
... A96: 47453 | B96: =IF('Catalogo de Variaveis'!T101="","",SUM('Catalogo de Variaveis'!T98:T101)) | C96: =IFERROR(IF($B96="","",AVERAGE('Catalogo de Variaveis'!T101-'Catalogo de Variaveis'!T100,'Catalogo de Variaveis'!T100-'Catalogo de Variaveis'!T99,'Catalogo de Variaveis'!T99-'Catalogo de Variaveis'!T98,'Catalogo de Variaveis'!T98-'Catalogo de Variaveis'!T97)),0) | D96: =IF($B96="","",IF(OR($J$1="",$J$2=""),$B$1-3*$B$2,$J$1-3*$J$2)) | E96: =IF($B96="","",IF(OR($J$1="",$J$2=""),$B$1-2*$B$2,$J$1-2*$J$2)) | F96: =IF($B96="","",IF(OR($J$1="",$J$2=""),$B$1-$B$2,$J$1-$J$2)) | G96: =IF($B96="","",IF(OR($J$1="",$J$2=""),$B$1,$J$1)) | H96: =IF($B96="","",IF(OR($J$1="",$J$2=""),$B$1+$B$2,$J$1+$J$2)) | I96: =IF($B96="","",IF(OR($J$1="",$J$2=""),$B$1+2*$B$2,$J$1+2*$J$2)) | J96: =IF($B96="","",IF(OR($J$1="",$J$2=""),$B$1+3*$B$2,$J$1+3*$J$2)) | K96: =IF($B96="","",$C$1-3*$C$2) | L96: =IF($B96="","",$C$1-2*$C$2) | M96: =IF($B96="","",$C$1-$C$2) | N96: =IF($B96="","",$C$1) | O96: =IF($B96="","",$C$1+1*$C$2) | P96: =IF($B96="","",$C$1+2*$C$2) | Q96: =IF($B96="","",$C$1+3*$C$2)

Sheet V15
A1: Média | B1: =AVERAGE(B9:B1048576) -> 15.052632 | C1: =AVERAGE(C9:C1048576) -> 0.013157895 | I1: LME | J1: =IF(LME="","",LME)
A2: Desvio Padrão | B2: =_xlfn.STDEV.S(B9:B1048576) -> 6.3286025 | C2: =_xlfn.STDEV.S(C9:C1048576) -> 0.8073718 | I2: VME | J2: =IF(VME="","",VME/3)
A3: Máximo | B3: =MAX(B9:B1048576) -> 27 | C3: =MAX(C9:C1048576) -> 2
A4: Mínimo | B4: =MIN(B9:B1048576) -> 2 | C4: =MIN(C9:C1048576) -> -1.5
A5: V15 - NÚMERO DE DENÚNCIAS CONSIDERADAS PROCEDENTES COM INDICATIVO DE TAC, PAD, TCE, MEDIAÇÃO DE CONFLITOS E APURAÇÃO ÉTICA NO EXERCÍCIO
A7: DADOS | D7: SOMA | K7: AMPLITUDE
A8: Período | B8: Soma | C8: Amplitude | D8: LIC | E8: L2I | F8: L1I | G8: LMC | H8: L1S | I8: L2S | J8: LSC | K8: LIC | L8: L2I | M8: L1I | N8: LMC | O8: L1S | P8: L2S | Q8: LSC
A9: 44805 | B9: =IF('Catalogo de Variaveis'!U14="","",SUM('Catalogo de Variaveis'!U11:U14)) -> 6 | C9: =IFERROR(IF($B9="","",AVERAGE('Catalogo de Variaveis'!U14-'Catalogo de Variaveis'!U13,'Catalogo de Variaveis'!U13-'Catalogo de Variaveis'!U12,'Catalogo de Variaveis'!U12-'Catalogo de Variaveis'!U11,'Catalogo de Variaveis'!U11-'Catalogo de Variaveis'!U10)),0) -> 1.5 | D9: =IF($B9="","",IF(OR($J$1="",$J$2=""),$B$1-3*$B$2,$J$1-3*$J$2)) -> -3.9331758 | E9: =IF($B9="","",IF(OR($J$1="",$J$2=""),$B$1-2*$B$2,$J$1-2*$J$2)) -> 2.3954267 | F9: =IF($B9="","",IF(OR($J$1="",$J$2=""),$B$1-$B$2,$J$1-$J$2)) -> 8.7240291 | G9: =IF($B9="","",IF(OR($J$1="",$J$2=""),$B$1,$J$1)) -> 15.052632 | H9: =IF($B9="","",IF(OR($J$1="",$J$2=""),$B$1+$B$2,$J$1+$J$2)) -> 21.381234 | I9: =IF($B9="","",IF(OR($J$1="",$J$2=""),$B$1+2*$B$2,$J$1+2*$J$2)) -> 27.709837 | J9: =IF($B9="","",IF(OR($J$1="",$J$2=""),$B$1+3*$B$2,$J$1+3*$J$2)) -> 34.038439 | K9: =IF($B9="","",$C$1-3*$C$2) -> -2.4089575 | L9: =IF($B9="","",$C$1-2*$C$2) -> -1.6015857 | M9: =IF($B9="","",$C$1-$C$2) -> -0.7942139 | N9: =IF($B9="","",$C$1) -> 0.013157895 | O9: =IF($B9="","",$C$1+1*$C$2) -> 0.82052969 | P9: =IF($B9="","",$C$1+2*$C$2) -> 1.6279015 | Q9: =IF($B9="","",$C$1+3*$C$2) -> 2.4352733
A10: 44835 | B10: =IF('Catalogo de Variaveis'!U15="","",SUM('Catalogo de Variaveis'!U12:U15)) -> 10 | C10: =IFERROR(IF($B10="","",AVERAGE('Catalogo de Variaveis'!U15-'Catalogo de Variaveis'!U14,'Catalogo de Variaveis'!U14-'Catalogo de Variaveis'!U13,'Catalogo de Variaveis'!U13-'Catalogo de Variaveis'!U12,'Catalogo de Variaveis'!U12-'Catalogo de Variaveis'!U11)),0) -> 1 | D10: =IF($B10="","",IF(OR($J$1="",$J$2=""),$B$1-3*$B$2,$J$1-3*$J$2)) -> -3.9331758 | E10: =IF($B10="","",IF(OR($J$1="",$J$2=""),$B$1-2*$B$2,$J$1-2*$J$2)) -> 2.3954267 | F10: =IF($B10="","",IF(OR($J$1="",$J$2=""),$B$1-$B$2,$J$1-$J$2)) -> 8.7240291 | G10: =IF($B10="","",IF(OR($J$1="",$J$2=""),$B$1,$J$1)) -> 15.052632 | H10: =IF($B10="","",IF(OR($J$1="",$J$2=""),$B$1+$B$2,$J$1+$J$2)) -> 21.381234 | I10: =IF($B10="","",IF(OR($J$1="",$J$2=""),$B$1+2*$B$2,$J$1+2*$J$2)) -> 27.709837 | J10: =IF($B10="","",IF(OR($J$1="",$J$2=""),$B$1+3*$B$2,$J$1+3*$J$2)) -> 34.038439 | K10: =IF($B10="","",$C$1-3*$C$2) -> -2.4089575 | L10: =IF($B10="","",$C$1-2*$C$2) -> -1.6015857 | M10: =IF($B10="","",$C$1-$C$2) -> -0.7942139 | N10: =IF($B10="","",$C$1) -> 0.013157895 | O10: =IF($B10="","",$C$1+1*$C$2) -> 0.82052969 | P10: =IF($B10="","",$C$1+2*$C$2) -> 1.6279015 | Q10: =IF($B10="","",$C$1+3*$C$2) -> 2.4352733
A11: 44866 | B11: =IF('Catalogo de Variaveis'!U16="","",SUM('Catalogo de Variaveis'!U13:U16)) -> 18 | C11: =IFERROR(IF($B11="","",AVERAGE('Catalogo de Variaveis'!U16-'Catalogo de Variaveis'!U15,'Catalogo de Variaveis'!U15-'Catalogo de Variaveis'!U14,'Catalogo de Variaveis'!U14-'Catalogo de Variaveis'!U13,'Catalogo de Variaveis'!U13-'Catalogo de Variaveis'!U12)),0) -> 2 | D11: =IF($B11="","",IF(OR($J$1="",$J$2=""),$B$1-3*$B$2,$J$1-3*$J$2)) -> -3.9331758 | E11: =IF($B11="","",IF(OR($J$1="",$J$2=""),$B$1-2*$B$2,$J$1-2*$J$2)) -> 2.3954267 | F11: =IF($B11="","",IF(OR($J$1="",$J$2=""),$B$1-$B$2,$J$1-$J$2)) -> 8.7240291 | G11: =IF($B11="","",IF(OR($J$1="",$J$2=""),$B$1,$J$1)) -> 15.052632 | H11: =IF($B11="","",IF(OR($J$1="",$J$2=""),$B$1+$B$2,$J$1+$J$2)) -> 21.381234 | I11: =IF($B11="","",IF(OR($J$1="",$J$2=""),$B$1+2*$B$2,$J$1+2*$J$2)) -> 27.709837 | J11: =IF($B11="","",IF(OR($J$1="",$J$2=""),$B$1+3*$B$2,$J$1+3*$J$2)) -> 34.038439 | K11: =IF($B11="","",$C$1-3*$C$2) -> -2.4089575 | L11: =IF($B11="","",$C$1-2*$C$2) -> -1.6015857 | M11: =IF($B11="","",$C$1-$C$2) -> -0.7942139 | N11: =IF($B11="","",$C$1) -> 0.013157895 | O11: =IF($B11="","",$C$1+1*$C$2) -> 0.82052969 | P11: =IF($B11="","",$C$1+2*$C$2) -> 1.6279015 | Q11: =IF($B11="","",$C$1+3*$C$2) -> 2.4352733
A12: 44896 | B12: =IF('Catalogo de Variaveis'!U17="","",SUM('Catalogo de Variaveis'!U14:U17)) -> 20 | C12: =IFERROR(IF($B12="","",AVERAGE('Catalogo de Variaveis'!U17-'Catalogo de Variaveis'!U16,'Catalogo de Variaveis'!U16-'Catalogo de Variaveis'!U15,'Catalogo de Variaveis'!U15-'Catalogo de Variaveis'!U14,'Catalogo de Variaveis'!U14-'Catalogo de Variaveis'!U13)),0) -> 0.5 | D12: =IF($B12="","",IF(OR($J$1="",$J$2=""),$B$1-3*$B$2,$J$1-3*$J$2)) -> -3.9331758 | E12: =IF($B12="","",IF(OR($J$1="",$J$2=""),$B$1-2*$B$2,$J$1-2*$J$2)) -> 2.3954267 | F12: =IF($B12="","",IF(OR($J$1="",$J$2=""),$B$1-$B$2,$J$1-$J$2)) -> 8.7240291 | G12: =IF($B12="","",IF(OR($J$1="",$J$2=""),$B$1,$J$1)) -> 15.052632 | H12: =IF($B12="","",IF(OR($J$1="",$J$2=""),$B$1+$B$2,$J$1+$J$2)) -> 21.381234 | I12: =IF($B12="","",IF(OR($J$1="",$J$2=""),$B$1+2*$B$2,$J$1+2*$J$2)) -> 27.709837 | J12: =IF($B12="","",IF(OR($J$1="",$J$2=""),$B$1+3*$B$2,$J$1+3*$J$2)) -> 34.038439 | K12: =IF($B12="","",$C$1-3*$C$2) -> -2.4089575 | L12: =IF($B12="","",$C$1-2*$C$2) -> -1.6015857 | M12: =IF($B12="","",$C$1-$C$2) -> -0.7942139 | N12: =IF($B12="","",$C$1) -> 0.013157895 | O12: =IF($B12="","",$C$1+1*$C$2) -> 0.82052969 | P12: =IF($B12="","",$C$1+2*$C$2) -> 1.6279015 | Q12: =IF($B12="","",$C$1+3*$C$2) -> 2.4352733
A13: 44927 | B13: =IF('Catalogo de Variaveis'!U18="","",SUM('Catalogo de Variaveis'!U15:U18)) -> 16 | C13: =IFERROR(IF($B13="","",AVERAGE('Catalogo de Variaveis'!U18-'Catalogo de Variaveis'!U17,'Catalogo de Variaveis'!U17-'Catalogo de Variaveis'!U16,'Catalogo de Variaveis'!U16-'Catalogo de Variaveis'!U15,'Catalogo de Variaveis'!U15-'Catalogo de Variaveis'!U14)),0) -> -1 | D13: =IF($B13="","",IF(OR($J$1="",$J$2=""),$B$1-3*$B$2,$J$1-3*$J$2)) -> -3.9331758 | E13: =IF($B13="","",IF(OR($J$1="",$J$2=""),$B$1-2*$B$2,$J$1-2*$J$2)) -> 2.3954267 | F13: =IF($B13="","",IF(OR($J$1="",$J$2=""),$B$1-$B$2,$J$1-$J$2)) -> 8.7240291 | G13: =IF($B13="","",IF(OR($J$1="",$J$2=""),$B$1,$J$1)) -> 15.052632 | H13: =IF($B13="","",IF(OR($J$1="",$J$2=""),$B$1+$B$2,$J$1+$J$2)) -> 21.381234 | I13: =IF($B13="","",IF(OR($J$1="",$J$2=""),$B$1+2*$B$2,$J$1+2*$J$2)) -> 27.709837 | J13: =IF($B13="","",IF(OR($J$1="",$J$2=""),$B$1+3*$B$2,$J$1+3*$J$2)) -> 34.038439 | K13: =IF($B13="","",$C$1-3*$C$2) -> -2.4089575 | L13: =IF($B13="","",$C$1-2*$C$2) -> -1.6015857 | M13: =IF($B13="","",$C$1-$C$2) -> -0.7942139 | N13: =IF($B13="","",$C$1) -> 0.013157895 | O13: =IF($B13="","",$C$1+1*$C$2) -> 0.82052969 | P13: =IF($B13="","",$C$1+2*$C$2) -> 1.6279015 | Q13: =IF($B13="","",$C$1+3*$C$2) -> 2.4352733
A14: 44958 | B14: =IF('Catalogo de Variaveis'!U19="","",SUM('Catalogo de Variaveis'!U16:U19)) -> 14 | C14: =IFERROR(IF($B14="","",AVERAGE('Catalogo de Variaveis'!U19-'Catalogo de Variaveis'!U18,'Catalogo de Variaveis'!U18-'Catalogo de Variaveis'!U17,'Catalogo de Variaveis'!U17-'Catalogo de Variaveis'!U16,'Catalogo de Variaveis'!U16-'Catalogo de Variaveis'!U15)),0) -> -0.5 | D14: =IF($B14="","",IF(OR($J$1="",$J$2=""),$B$1-3*$B$2,$J$1-3*$J$2)) -> -3.9331758 | E14: =IF($B14="","",IF(OR($J$1="",$J$2=""),$B$1-2*$B$2,$J$1-2*$J$2)) -> 2.3954267 | F14: =IF($B14="","",IF(OR($J$1="",$J$2=""),$B$1-$B$2,$J$1-$J$2)) -> 8.7240291 | G14: =IF($B14="","",IF(OR($J$1="",$J$2=""),$B$1,$J$1)) -> 15.052632 | H14: =IF($B14="","",IF(OR($J$1="",$J$2=""),$B$1+$B$2,$J$1+$J$2)) -> 21.381234 | I14: =IF($B14="","",IF(OR($J$1="",$J$2=""),$B$1+2*$B$2,$J$1+2*$J$2)) -> 27.709837 | J14: =IF($B14="","",IF(OR($J$1="",$J$2=""),$B$1+3*$B$2,$J$1+3*$J$2)) -> 34.038439 | K14: =IF($B14="","",$C$1-3*$C$2) -> -2.4089575 | L14: =IF($B14="","",$C$1-2*$C$2) -> -1.6015857 | M14: =IF($B14="","",$C$1-$C$2) -> -0.7942139 | N14: =IF($B14="","",$C$1) -> 0.013157895 | O14: =IF($B14="","",$C$1+1*$C$2) -> 0.82052969 | P14: =IF($B14="","",$C$1+2*$C$2) -> 1.6279015 | Q14: =IF($B14="","",$C$1+3*$C$2) -> 2.4352733
A15: 44986 | B15: =IF('Catalogo de Variaveis'!U20="","",SUM('Catalogo de Variaveis'!U17:U20)) -> 14 | C15: =IFERROR(IF($B15="","",AVERAGE('Catalogo de Variaveis'!U20-'Catalogo de Variaveis'!U19,'Catalogo de Variaveis'!U19-'Catalogo de Variaveis'!U18,'Catalogo de Variaveis'!U18-'Catalogo de Variaveis'!U17,'Catalogo de Variaveis'!U17-'Catalogo de Variaveis'!U16)),0) -> 0 | D15: =IF($B15="","",IF(OR($J$1="",$J$2=""),$B$1-3*$B$2,$J$1-3*$J$2)) -> -3.9331758 | E15: =IF($B15="","",IF(OR($J$1="",$J$2=""),$B$1-2*$B$2,$J$1-2*$J$2)) -> 2.3954267 | F15: =IF($B15="","",IF(OR($J$1="",$J$2=""),$B$1-$B$2,$J$1-$J$2)) -> 8.7240291 | G15: =IF($B15="","",IF(OR($J$1="",$J$2=""),$B$1,$J$1)) -> 15.052632 | H15: =IF($B15="","",IF(OR($J$1="",$J$2=""),$B$1+$B$2,$J$1+$J$2)) -> 21.381234 | I15: =IF($B15="","",IF(OR($J$1="",$J$2=""),$B$1+2*$B$2,$J$1+2*$J$2)) -> 27.709837 | J15: =IF($B15="","",IF(OR($J$1="",$J$2=""),$B$1+3*$B$2,$J$1+3*$J$2)) -> 34.038439 | K15: =IF($B15="","",$C$1-3*$C$2) -> -2.4089575 | L15: =IF($B15="","",$C$1-2*$C$2) -> -1.6015857 | M15: =IF($B15="","",$C$1-$C$2) -> -0.7942139 | N15: =IF($B15="","",$C$1) -> 0.013157895 | O15: =IF($B15="","",$C$1+1*$C$2) -> 0.82052969 | P15: =IF($B15="","",$C$1+2*$C$2) -> 1.6279015 | Q15: =IF($B15="","",$C$1+3*$C$2) -> 2.4352733
A16: 45017 | B16: =IF('Catalogo de Variaveis'!U21="","",SUM('Catalogo de Variaveis'!U18:U21)) -> 16 | C16: =IFERROR(IF($B16="","",AVERAGE('Catalogo de Variaveis'!U21-'Catalogo de Variaveis'!U20,'Catalogo de Variaveis'!U20-'Catalogo de Variaveis'!U19,'Catalogo de Variaveis'!U19-'Catalogo de Variaveis'!U18,'Catalogo de Variaveis'!U18-'Catalogo de Variaveis'!U17)),0) -> 0.5 | D16: =IF($B16="","",IF(OR($J$1="",$J$2=""),$B$1-3*$B$2,$J$1-3*$J$2)) -> -3.9331758 | E16: =IF($B16="","",IF(OR($J$1="",$J$2=""),$B$1-2*$B$2,$J$1-2*$J$2)) -> 2.3954267 | F16: =IF($B16="","",IF(OR($J$1="",$J$2=""),$B$1-$B$2,$J$1-$J$2)) -> 8.7240291 | G16: =IF($B16="","",IF(OR($J$1="",$J$2=""),$B$1,$J$1)) -> 15.052632 | H16: =IF($B16="","",IF(OR($J$1="",$J$2=""),$B$1+$B$2,$J$1+$J$2)) -> 21.381234 | I16: =IF($B16="","",IF(OR($J$1="",$J$2=""),$B$1+2*$B$2,$J$1+2*$J$2)) -> 27.709837 | J16: =IF($B16="","",IF(OR($J$1="",$J$2=""),$B$1+3*$B$2,$J$1+3*$J$2)) -> 34.038439 | K16: =IF($B16="","",$C$1-3*$C$2) -> -2.4089575 | L16: =IF($B16="","",$C$1-2*$C$2) -> -1.6015857 | M16: =IF($B16="","",$C$1-$C$2) -> -0.7942139 | N16: =IF($B16="","",$C$1) -> 0.013157895 | O16: =IF($B16="","",$C$1+1*$C$2) -> 0.82052969 | P16: =IF($B16="","",$C$1+2*$C$2) -> 1.6279015 | Q16: =IF($B16="","",$C$1+3*$C$2) -> 2.4352733
A17: 45047 | B17: =IF('Catalogo de Variaveis'!U22="","",SUM('Catalogo de Variaveis'!U19:U22)) -> 18 | C17: =IFERROR(IF($B17="","",AVERAGE('Catalogo de Variaveis'!U22-'Catalogo de Variaveis'!U21,'Catalogo de Variaveis'!U21-'Catalogo de Variaveis'!U20,'Catalogo de Variaveis'!U20-'Catalogo de Variaveis'!U19,'Catalogo de Variaveis'!U19-'Catalogo de Variaveis'!U18)),0) -> 0.5 | D17: =IF($B17="","",IF(OR($J$1="",$J$2=""),$B$1-3*$B$2,$J$1-3*$J$2)) -> -3.9331758 | E17: =IF($B17="","",IF(OR($J$1="",$J$2=""),$B$1-2*$B$2,$J$1-2*$J$2)) -> 2.3954267 | F17: =IF($B17="","",IF(OR($J$1="",$J$2=""),$B$1-$B$2,$J$1-$J$2)) -> 8.7240291 | G17: =IF($B17="","",IF(OR($J$1="",$J$2=""),$B$1,$J$1)) -> 15.052632 | H17: =IF($B17="","",IF(OR($J$1="",$J$2=""),$B$1+$B$2,$J$1+$J$2)) -> 21.381234 | I17: =IF($B17="","",IF(OR($J$1="",$J$2=""),$B$1+2*$B$2,$J$1+2*$J$2)) -> 27.709837 | J17: =IF($B17="","",IF(OR($J$1="",$J$2=""),$B$1+3*$B$2,$J$1+3*$J$2)) -> 34.038439 | K17: =IF($B17="","",$C$1-3*$C$2) -> -2.4089575 | L17: =IF($B17="","",$C$1-2*$C$2) -> -1.6015857 | M17: =IF($B17="","",$C$1-$C$2) -> -0.7942139 | N17: =IF($B17="","",$C$1) -> 0.013157895 | O17: =IF($B17="","",$C$1+1*$C$2) -> 0.82052969 | P17: =IF($B17="","",$C$1+2*$C$2) -> 1.6279015 | Q17: =IF($B17="","",$C$1+3*$C$2) -> 2.4352733
A18: 45078 | B18: =IF('Catalogo de Variaveis'!U23="","",SUM('Catalogo de Variaveis'!U20:U23)) -> 23 | C18: =IFERROR(IF($B18="","",AVERAGE('Catalogo de Variaveis'!U23-'Catalogo de Variaveis'!U22,'Catalogo de Variaveis'!U22-'Catalogo de Variaveis'!U21,'Catalogo de Variaveis'!U21-'Catalogo de Variaveis'!U20,'Catalogo de Variaveis'!U20-'Catalogo de Variaveis'!U19)),0) -> 1.25 | D18: =IF($B18="","",IF(OR($J$1="",$J$2=""),$B$1-3*$B$2,$J$1-3*$J$2)) -> -3.9331758 | E18: =IF($B18="","",IF(OR($J$1="",$J$2=""),$B$1-2*$B$2,$J$1-2*$J$2)) -> 2.3954267 | F18: =IF($B18="","",IF(OR($J$1="",$J$2=""),$B$1-$B$2,$J$1-$J$2)) -> 8.7240291 | G18: =IF($B18="","",IF(OR($J$1="",$J$2=""),$B$1,$J$1)) -> 15.052632 | H18: =IF($B18="","",IF(OR($J$1="",$J$2=""),$B$1+$B$2,$J$1+$J$2)) -> 21.381234 | I18: =IF($B18="","",IF(OR($J$1="",$J$2=""),$B$1+2*$B$2,$J$1+2*$J$2)) -> 27.709837 | J18: =IF($B18="","",IF(OR($J$1="",$J$2=""),$B$1+3*$B$2,$J$1+3*$J$2)) -> 34.038439 | K18: =IF($B18="","",$C$1-3*$C$2) -> -2.4089575 | L18: =IF($B18="","",$C$1-2*$C$2) -> -1.6015857 | M18: =IF($B18="","",$C$1-$C$2) -> -0.7942139 | N18: =IF($B18="","",$C$1) -> 0.013157895 | O18: =IF($B18="","",$C$1+1*$C$2) -> 0.82052969 | P18: =IF($B18="","",$C$1+2*$C$2) -> 1.6279015 | Q18: =IF($B18="","",$C$1+3*$C$2) -> 2.4352733
A19: 45108 | B19: =IF('Catalogo de Variaveis'!U24="","",SUM('Catalogo de Variaveis'!U21:U24)) -> 20 | C19: =IFERROR(IF($B19="","",AVERAGE('Catalogo de Variaveis'!U24-'Catalogo de Variaveis'!U23,'Catalogo de Variaveis'!U23-'Catalogo de Variaveis'!U22,'Catalogo de Variaveis'!U22-'Catalogo de Variaveis'!U21,'Catalogo de Variaveis'!U21-'Catalogo de Variaveis'!U20)),0) -> -0.75 | D19: =IF($B19="","",IF(OR($J$1="",$J$2=""),$B$1-3*$B$2,$J$1-3*$J$2)) -> -3.9331758 | E19: =IF($B19="","",IF(OR($J$1="",$J$2=""),$B$1-2*$B$2,$J$1-2*$J$2)) -> 2.3954267 | F19: =IF($B19="","",IF(OR($J$1="",$J$2=""),$B$1-$B$2,$J$1-$J$2)) -> 8.7240291 | G19: =IF($B19="","",IF(OR($J$1="",$J$2=""),$B$1,$J$1)) -> 15.052632 | H19: =IF($B19="","",IF(OR($J$1="",$J$2=""),$B$1+$B$2,$J$1+$J$2)) -> 21.381234 | I19: =IF($B19="","",IF(OR($J$1="",$J$2=""),$B$1+2*$B$2,$J$1+2*$J$2)) -> 27.709837 | J19: =IF($B19="","",IF(OR($J$1="",$J$2=""),$B$1+3*$B$2,$J$1+3*$J$2)) -> 34.038439 | K19: =IF($B19="","",$C$1-3*$C$2) -> -2.4089575 | L19: =IF($B19="","",$C$1-2*$C$2) -> -1.6015857 | M19: =IF($B19="","",$C$1-$C$2) -> -0.7942139 | N19: =IF($B19="","",$C$1) -> 0.013157895 | O19: =IF($B19="","",$C$1+1*$C$2) -> 0.82052969 | P19: =IF($B19="","",$C$1+2*$C$2) -> 1.6279015 | Q19: =IF($B19="","",$C$1+3*$C$2) -> 2.4352733
A20: 45139 | B20: =IF('Catalogo de Variaveis'!U25="","",SUM('Catalogo de Variaveis'!U22:U25)) -> 22 | C20: =IFERROR(IF($B20="","",AVERAGE('Catalogo de Variaveis'!U25-'Catalogo de Variaveis'!U24,'Catalogo de Variaveis'!U24-'Catalogo de Variaveis'!U23,'Catalogo de Variaveis'!U23-'Catalogo de Variaveis'!U22,'Catalogo de Variaveis'!U22-'Catalogo de Variaveis'!U21)),0) -> 0.5 | D20: =IF($B20="","",IF(OR($J$1="",$J$2=""),$B$1-3*$B$2,$J$1-3*$J$2)) -> -3.9331758 | E20: =IF($B20="","",IF(OR($J$1="",$J$2=""),$B$1-2*$B$2,$J$1-2*$J$2)) -> 2.3954267 | F20: =IF($B20="","",IF(OR($J$1="",$J$2=""),$B$1-$B$2,$J$1-$J$2)) -> 8.7240291 | G20: =IF($B20="","",IF(OR($J$1="",$J$2=""),$B$1,$J$1)) -> 15.052632 | H20: =IF($B20="","",IF(OR($J$1="",$J$2=""),$B$1+$B$2,$J$1+$J$2)) -> 21.381234 | I20: =IF($B20="","",IF(OR($J$1="",$J$2=""),$B$1+2*$B$2,$J$1+2*$J$2)) -> 27.709837 | J20: =IF($B20="","",IF(OR($J$1="",$J$2=""),$B$1+3*$B$2,$J$1+3*$J$2)) -> 34.038439 | K20: =IF($B20="","",$C$1-3*$C$2) -> -2.4089575 | L20: =IF($B20="","",$C$1-2*$C$2) -> -1.6015857 | M20: =IF($B20="","",$C$1-$C$2) -> -0.7942139 | N20: =IF($B20="","",$C$1) -> 0.013157895 | O20: =IF($B20="","",$C$1+1*$C$2) -> 0.82052969 | P20: =IF($B20="","",$C$1+2*$C$2) -> 1.6279015 | Q20: =IF($B20="","",$C$1+3*$C$2) -> 2.4352733
... A96: 47453 | B96: =IF('Catalogo de Variaveis'!U101="","",SUM('Catalogo de Variaveis'!U98:U101)) | C96: =IFERROR(IF($B96="","",AVERAGE('Catalogo de Variaveis'!U101-'Catalogo de Variaveis'!U100,'Catalogo de Variaveis'!U100-'Catalogo de Variaveis'!U99,'Catalogo de Variaveis'!U99-'Catalogo de Variaveis'!U98,'Catalogo de Variaveis'!U98-'Catalogo de Variaveis'!U97)),0) | D96: =IF($B96="","",IF(OR($J$1="",$J$2=""),$B$1-3*$B$2,$J$1-3*$J$2)) | E96: =IF($B96="","",IF(OR($J$1="",$J$2=""),$B$1-2*$B$2,$J$1-2*$J$2)) | F96: =IF($B96="","",IF(OR($J$1="",$J$2=""),$B$1-$B$2,$J$1-$J$2)) | G96: =IF($B96="","",IF(OR($J$1="",$J$2=""),$B$1,$J$1)) | H96: =IF($B96="","",IF(OR($J$1="",$J$2=""),$B$1+$B$2,$J$1+$J$2)) | I96: =IF($B96="","",IF(OR($J$1="",$J$2=""),$B$1+2*$B$2,$J$1+2*$J$2)) | J96: =IF($B96="","",IF(OR($J$1="",$J$2=""),$B$1+3*$B$2,$J$1+3*$J$2)) | K96: =IF($B96="","",$C$1-3*$C$2) | L96: =IF($B96="","",$C$1-2*$C$2) | M96: =IF($B96="","",$C$1-$C$2) | N96: =IF($B96="","",$C$1) | O96: =IF($B96="","",$C$1+1*$C$2) | P96: =IF($B96="","",$C$1+2*$C$2) | Q96: =IF($B96="","",$C$1+3*$C$2)

Sheet I05
A1: Média
A2: Desvio Padrão
A3: Máximo
A4: Mínimo
A5: I05 - PERCENTUAL DE EMPREGADOS E MEMBROS DOS ÓRGÃOS ESTATUTÁRIOS TREINADOS NO PROGRAMA DE INTEGRIDADE DA CAESB
A7: DADOS | E7: PERCENTUAL | L7: AMPLITUDE
A8: Período | B8: V07 | C8: V08 | D8: I05 | E8: LIC | F8: L2I | G8: L1I | H8: LMC | I8: L1S | J8: L2S | K8: LSC | L8: LIC | M8: L2I | N8: L1I | O8: LMC | P8: L1S | Q8: L2S | R8: LSC
A9: 2022.03 | B9: =IFERROR(VLOOKUP(A9,'V07'!$A$8:$B$1048576,2,0),"") -> 0 | C9: =IFERROR(VLOOKUP(A9,'V08'!$A$8:$B$1048576,2,0),"") -> 0 | D9: =IFERROR(IF(A9="","",100*B9/C9),"")
A10: 2023.01 | B10: =IFERROR(VLOOKUP(A10,'V07'!$A$8:$B$1048576,2,0),"") -> 80 | C10: =IFERROR(VLOOKUP(A10,'V08'!$A$8:$B$1048576,2,0),"") -> 54 | D10: =IFERROR(IF(A10="","",100*B10/C10),"") -> 148.14815
A11: 2023.02 | B11: =IFERROR(VLOOKUP(A11,'V07'!$A$8:$B$1048576,2,0),"") -> 98 | C11: =IFERROR(VLOOKUP(A11,'V08'!$A$8:$B$1048576,2,0),"") -> 65 | D11: =IFERROR(IF(A11="","",100*B11/C11),"") -> 150.76923
A12: 2023.03 | B12: =IFERROR(VLOOKUP(A12,'V07'!$A$8:$B$1048576,2,0),"") -> 0 | C12: =IFERROR(VLOOKUP(A12,'V08'!$A$8:$B$1048576,2,0),"") -> 0 | D12: =IFERROR(IF(A12="","",100*B12/C12),"")
A13: 2024.01 | B13: =IFERROR(VLOOKUP(A13,'V07'!$A$8:$B$1048576,2,0),"") -> 0 | C13: =IFERROR(VLOOKUP(A13,'V08'!$A$8:$B$1048576,2,0),"") -> 0 | D13: =IFERROR(IF(A13="","",100*B13/C13),"")
A14: 2024.02 | B14: =IFERROR(VLOOKUP(A14,'V07'!$A$8:$B$1048576,2,0),"") -> 124 | C14: =IFERROR(VLOOKUP(A14,'V08'!$A$8:$B$1048576,2,0),"") -> 106 | D14: =IFERROR(IF(A14="","",100*B14/C14),"") -> 116.98113
A15: 2024.03 | B15: =IFERROR(VLOOKUP(A15,'V07'!$A$8:$B$1048576,2,0),"") -> 63 | C15: =IFERROR(VLOOKUP(A15,'V08'!$A$8:$B$1048576,2,0),"") -> 63 | D15: =IFERROR(IF(A15="","",100*B15/C15),"") -> 100
B16: =IFERROR(VLOOKUP(A16,'V07'!$A$8:$B$1048576,2,0),"") | C16: =IFERROR(VLOOKUP(A16,'V08'!$A$8:$B$1048576,2,0),"") | D16: =IFERROR(IF(A16="","",100*B16/C16),"")
B17: =IFERROR(VLOOKUP(A17,'V07'!$A$8:$B$1048576,2,0),"") | C17: =IFERROR(VLOOKUP(A17,'V08'!$A$8:$B$1048576,2,0),"") | D17: =IFERROR(IF(A17="","",100*B17/C17),"")
B18: =IFERROR(VLOOKUP(A18,'V07'!$A$8:$B$1048576,2,0),"") | C18: =IFERROR(VLOOKUP(A18,'V08'!$A$8:$B$1048576,2,0),"") | D18: =IFERROR(IF(A18="","",100*B18/C18),"")
B19: =IFERROR(VLOOKUP(A19,'V07'!$A$8:$B$1048576,2,0),"") | C19: =IFERROR(VLOOKUP(A19,'V08'!$A$8:$B$1048576,2,0),"") | D19: =IFERROR(IF(A19="","",100*B19/C19),"")
B20: =IFERROR(VLOOKUP(A20,'V07'!$A$8:$B$1048576,2,0),"") | C20: =IFERROR(VLOOKUP(A20,'V08'!$A$8:$B$1048576,2,0),"") | D20: =IFERROR(IF(A20="","",100*B20/C20),"")
B21: =IFERROR(VLOOKUP(A21,'V07'!$A$8:$B$1048576,2,0),"") | C21: =IFERROR(VLOOKUP(A21,'V08'!$A$8:$B$1048576,2,0),"") | D21: =IFERROR(IF(A21="","",100*B21/C21),"")
B22: =IFERROR(VLOOKUP(A22,'V07'!$A$8:$B$1048576,2,0),"") | C22: =IFERROR(VLOOKUP(A22,'V08'!$A$8:$B$1048576,2,0),"") | D22: =IFERROR(IF(A22="","",100*B22/C22),"")
B23: =IFERROR(VLOOKUP(A23,'V07'!$A$8:$B$1048576,2,0),"") | C23: =IFERROR(VLOOKUP(A23,'V08'!$A$8:$B$1048576,2,0),"") | D23: =IFERROR(IF(A23="","",100*B23/C23),"")
B24: =IFERROR(VLOOKUP(A24,'V07'!$A$8:$B$1048576,2,0),"") | C24: =IFERROR(VLOOKUP(A24,'V08'!$A$8:$B$1048576,2,0),"") | D24: =IFERROR(IF(A24="","",100*B24/C24),"")
B25: =IFERROR(VLOOKUP(A25,'V07'!$A$8:$B$1048576,2,0),"") | C25: =IFERROR(VLOOKUP(A25,'V08'!$A$8:$B$1048576,2,0),"") | D25: =IFERROR(IF(A25="","",100*B25/C25),"")
B26: =IFERROR(VLOOKUP(A26,'V07'!$A$8:$B$1048576,2,0),"") | C26: =IFERROR(VLOOKUP(A26,'V08'!$A$8:$B$1048576,2,0),"") | D26: =IFERROR(IF(A26="","",100*B26/C26),"")
B27: =IFERROR(VLOOKUP(A27,'V07'!$A$8:$B$1048576,2,0),"") | C27: =IFERROR(VLOOKUP(A27,'V08'!$A$8:$B$1048576,2,0),"") | D27: =IFERROR(IF(A27="","",100*B27/C27),"")
... B60: =IFERROR(VLOOKUP(A60,'V07'!$A$8:$B$1048576,2,0),"") | C60: =IFERROR(VLOOKUP(A60,'V08'!$A$8:$B$1048576,2,0),"") | D60: =IFERROR(IF(A60="","",100*B60/C60),"")

Sheet I06
A1: Média
A2: Desvio Padrão
A3: Máximo
A4: Mínimo
A5: I06 - PERCENTUAL DE EVASÃO NO TREINAMENTO DO PROGRAMA DE INTEGRIDADE DA CAESB
A7: DADOS | E7: PERCENTUAL | L7: AMPLITUDE
A8: Período | B8: V09 | C8: V10 | D8: I06 | E8: LIC | F8: L2I | G8: L1I | H8: LMC | I8: L1S | J8: L2S | K8: LSC | L8: LIC | M8: L2I | N8: L1I | O8: LMC | P8: L1S | Q8: L2S | R8: LSC
A9: 2022.03 | B9: =IFERROR(VLOOKUP(A9,'V09'!$A$8:$B$1048576,2,0),"") -> 0 | C9: =IFERROR(VLOOKUP(A9,'V10'!$A$8:$B$1048576,2,0),"") -> 0 | D9: =IFERROR(IF(A9="","",100*B9/C9),"")
A10: 2023.01 | B10: =IFERROR(VLOOKUP(A10,'V09'!$A$8:$B$1048576,2,0),"") -> 16 | C10: =IFERROR(VLOOKUP(A10,'V10'!$A$8:$B$1048576,2,0),"") -> 96 | D10: =IFERROR(IF(A10="","",100*B10/C10),"") -> 16.666667
A11: 2023.02 | B11: =IFERROR(VLOOKUP(A11,'V09'!$A$8:$B$1048576,2,0),"") -> 10 | C11: =IFERROR(VLOOKUP(A11,'V10'!$A$8:$B$1048576,2,0),"") -> 108 | D11: =IFERROR(IF(A11="","",100*B11/C11),"") -> 9.2592593
A12: 2023.03 | B12: =IFERROR(VLOOKUP(A12,'V09'!$A$8:$B$1048576,2,0),"") -> 0 | C12: =IFERROR(VLOOKUP(A12,'V10'!$A$8:$B$1048576,2,0),"") -> 0 | D12: =IFERROR(IF(A12="","",100*B12/C12),"")
A13: 2024.01 | B13: =IFERROR(VLOOKUP(A13,'V09'!$A$8:$B$1048576,2,0),"") -> 0 | C13: =IFERROR(VLOOKUP(A13,'V10'!$A$8:$B$1048576,2,0),"") -> 0 | D13: =IFERROR(IF(A13="","",100*B13/C13),"")
A14: 2024.02 | B14: =IFERROR(VLOOKUP(A14,'V09'!$A$8:$B$1048576,2,0),"") -> 1 | C14: =IFERROR(VLOOKUP(A14,'V10'!$A$8:$B$1048576,2,0),"") -> 125 | D14: =IFERROR(IF(A14="","",100*B14/C14),"") -> 0.8
A15: 2024.03 | B15: =IFERROR(VLOOKUP(A15,'V09'!$A$8:$B$1048576,2,0),"") -> 0 | C15: =IFERROR(VLOOKUP(A15,'V10'!$A$8:$B$1048576,2,0),"") -> 63 | D15: =IFERROR(IF(A15="","",100*B15/C15),"") -> 0
B16: =IFERROR(VLOOKUP(A16,'V09'!$A$8:$B$1048576,2,0),"") | C16: =IFERROR(VLOOKUP(A16,'V10'!$A$8:$B$1048576,2,0),"") | D16: =IFERROR(IF(A16="","",100*B16/C16),"")
B17: =IFERROR(VLOOKUP(A17,'V09'!$A$8:$B$1048576,2,0),"") | C17: =IFERROR(VLOOKUP(A17,'V10'!$A$8:$B$1048576,2,0),"") | D17: =IFERROR(IF(A17="","",100*B17/C17),"")
B18: =IFERROR(VLOOKUP(A18,'V09'!$A$8:$B$1048576,2,0),"") | C18: =IFERROR(VLOOKUP(A18,'V10'!$A$8:$B$1048576,2,0),"") | D18: =IFERROR(IF(A18="","",100*B18/C18),"")
B19: =IFERROR(VLOOKUP(A19,'V09'!$A$8:$B$1048576,2,0),"") | C19: =IFERROR(VLOOKUP(A19,'V10'!$A$8:$B$1048576,2,0),"") | D19: =IFERROR(IF(A19="","",100*B19/C19),"")
B20: =IFERROR(VLOOKUP(A20,'V09'!$A$8:$B$1048576,2,0),"") | C20: =IFERROR(VLOOKUP(A20,'V10'!$A$8:$B$1048576,2,0),"") | D20: =IFERROR(IF(A20="","",100*B20/C20),"")
B21: =IFERROR(VLOOKUP(A21,'V09'!$A$8:$B$1048576,2,0),"") | C21: =IFERROR(VLOOKUP(A21,'V10'!$A$8:$B$1048576,2,0),"") | D21: =IFERROR(IF(A21="","",100*B21/C21),"")
B22: =IFERROR(VLOOKUP(A22,'V09'!$A$8:$B$1048576,2,0),"") | C22: =IFERROR(VLOOKUP(A22,'V10'!$A$8:$B$1048576,2,0),"") | D22: =IFERROR(IF(A22="","",100*B22/C22),"")
B23: =IFERROR(VLOOKUP(A23,'V09'!$A$8:$B$1048576,2,0),"") | C23: =IFERROR(VLOOKUP(A23,'V10'!$A$8:$B$1048576,2,0),"") | D23: =IFERROR(IF(A23="","",100*B23/C23),"")
B24: =IFERROR(VLOOKUP(A24,'V09'!$A$8:$B$1048576,2,0),"") | C24: =IFERROR(VLOOKUP(A24,'V10'!$A$8:$B$1048576,2,0),"") | D24: =IFERROR(IF(A24="","",100*B24/C24),"")
B25: =IFERROR(VLOOKUP(A25,'V09'!$A$8:$B$1048576,2,0),"") | C25: =IFERROR(VLOOKUP(A25,'V10'!$A$8:$B$1048576,2,0),"") | D25: =IFERROR(IF(A25="","",100*B25/C25),"")
B26: =IFERROR(VLOOKUP(A26,'V09'!$A$8:$B$1048576,2,0),"") | C26: =IFERROR(VLOOKUP(A26,'V10'!$A$8:$B$1048576,2,0),"") | D26: =IFERROR(IF(A26="","",100*B26/C26),"")
B27: =IFERROR(VLOOKUP(A27,'V09'!$A$8:$B$1048576,2,0),"") | C27: =IFERROR(VLOOKUP(A27,'V10'!$A$8:$B$1048576,2,0),"") | D27: =IFERROR(IF(A27="","",100*B27/C27),"")
... B60: =IFERROR(VLOOKUP(A60,'V09'!$A$8:$B$1048576,2,0),"") | C60: =IFERROR(VLOOKUP(A60,'V10'!$A$8:$B$1048576,2,0),"") | D60: =IFERROR(IF(A60="","",100*B60/C60),"")

Sheet PainelDeVariaveis
B2: PERÍODO | E2: 45931 | N2: V01 - NÚMERO DE DENÚNCIAS DE ASSÉDIO MORAL
B3: LMC | E3: ='V01'!B1 -> 3.9210526 | H3: LME
B4: VMC | E4: ='V01'!B2*3 -> 7.3940597 | H4: VME
B6: Soma Móvel | K6: Amplitude Móvel
B7: Periodo | C7: Apurado | D7: LIC | E7: L2I | F7: L1I | G7: LMC | H7: L1S | I7: L2S | J7: LSC | K7: Apurado | L7: LIC | M7: L2I | N7: L1I | O7: LMC | P7: L1S | Q7: L2S | R7: LSC
B8: =EDATE(B9,-1) -> 45047 | C8: =IFERROR(VLOOKUP($B8,'V01'!$A$9:$J$1048576,2,1),"") -> 2 | D8: =IFERROR(VLOOKUP($B8,'V01'!$A$8:$J$29,4,1),"") -> -3.4730071 | E8: =IFERROR(VLOOKUP($B8,'V01'!$A$8:$J$29,5,1),"") -> -1.0083205 | F8: =IFERROR(VLOOKUP($B8,'V01'!$A$8:$J$29,6,1),"") -> 1.4563661 | G8: =IFERROR(VLOOKUP($B8,'V01'!$A$8:$J$29,7,1),"") -> 3.9210526 | H8: =IFERROR(VLOOKUP($B8,'V01'!$A$8:$J$29,8,1),"") -> 6.3857392 | I8: =IFERROR(VLOOKUP($B8,'V01'!$A$8:$J$29,9,1),"") -> 8.8504258 | J8: =IFERROR(VLOOKUP($B8,'V01'!$A$8:$J$29,10,1),"") -> 11.315112 | K8: =IFERROR(VLOOKUP($B8,'V01'!$A$9:$Q$1048576,3,1),"") -> 0 | L8: =IFERROR(VLOOKUP($B8,'V01'!$A$8:$Q$29,11,1),"") -> -0.99807083 | M8: =IFERROR(VLOOKUP($B8,'V01'!$A$8:$Q$29,12,1),"") -> -0.65002968 | N8: =IFERROR(VLOOKUP($B8,'V01'!$A$8:$Q$29,13,1),"") -> -0.30198852 | O8: =IFERROR(VLOOKUP($B8,'V01'!$A$8:$Q$29,14,1),"") -> 0.046052632 | P8: =IFERROR(VLOOKUP($B8,'V01'!$A$8:$Q$29,15,1),"") -> 0.39409379 | Q8: =IFERROR(VLOOKUP($B8,'V01'!$A$8:$Q$29,16,1),"") -> 0.74213494 | R8: =IFERROR(VLOOKUP($B8,'V01'!$A$8:$Q$29,17,1),"") -> 1.0901761
B9: =EDATE(B10,-1) -> 45078 | C9: =IFERROR(VLOOKUP($B9,'V01'!$A$9:$J$1048576,2,1),"") -> 1 | D9: =IFERROR(VLOOKUP($B9,'V01'!$A$8:$J$29,4,1),"") -> -3.4730071 | E9: =IFERROR(VLOOKUP($B9,'V01'!$A$8:$J$29,5,1),"") -> -1.0083205 | F9: =IFERROR(VLOOKUP($B9,'V01'!$A$8:$J$29,6,1),"") -> 1.4563661 | G9: =IFERROR(VLOOKUP($B9,'V01'!$A$8:$J$29,7,1),"") -> 3.9210526 | H9: =IFERROR(VLOOKUP($B9,'V01'!$A$8:$J$29,8,1),"") -> 6.3857392 | I9: =IFERROR(VLOOKUP($B9,'V01'!$A$8:$J$29,9,1),"") -> 8.8504258 | J9: =IFERROR(VLOOKUP($B9,'V01'!$A$8:$J$29,10,1),"") -> 11.315112 | K9: =IFERROR(VLOOKUP($B9,'V01'!$A$9:$Q$1048576,3,1),"") -> -0.25 | L9: =IFERROR(VLOOKUP($B9,'V01'!$A$8:$Q$29,11,1),"") -> -0.99807083 | M9: =IFERROR(VLOOKUP($B9,'V01'!$A$8:$Q$29,12,1),"") -> -0.65002968 | N9: =IFERROR(VLOOKUP($B9,'V01'!$A$8:$Q$29,13,1),"") -> -0.30198852 | O9: =IFERROR(VLOOKUP($B9,'V01'!$A$8:$Q$29,14,1),"") -> 0.046052632 | P9: =IFERROR(VLOOKUP($B9,'V01'!$A$8:$Q$29,15,1),"") -> 0.39409379 | Q9: =IFERROR(VLOOKUP($B9,'V01'!$A$8:$Q$29,16,1),"") -> 0.74213494 | R9: =IFERROR(VLOOKUP($B9,'V01'!$A$8:$Q$29,17,1),"") -> 1.0901761
B10: =EDATE(B11,-1) -> 45108 | C10: =IFERROR(VLOOKUP($B10,'V01'!$A$9:$J$1048576,2,1),"") -> 3 | D10: =IFERROR(VLOOKUP($B10,'V01'!$A$8:$J$29,4,1),"") -> -3.4730071 | E10: =IFERROR(VLOOKUP($B10,'V01'!$A$8:$J$29,5,1),"") -> -1.0083205 | F10: =IFERROR(VLOOKUP($B10,'V01'!$A$8:$J$29,6,1),"") -> 1.4563661 | G10: =IFERROR(VLOOKUP($B10,'V01'!$A$8:$J$29,7,1),"") -> 3.9210526 | H10: =IFERROR(VLOOKUP($B10,'V01'!$A$8:$J$29,8,1),"") -> 6.3857392 | I10: =IFERROR(VLOOKUP($B10,'V01'!$A$8:$J$29,9,1),"") -> 8.8504258 | J10: =IFERROR(VLOOKUP($B10,'V01'!$A$8:$J$29,10,1),"") -> 11.315112 | K10: =IFERROR(VLOOKUP($B10,'V01'!$A$9:$Q$1048576,3,1),"") -> 0.5 | L10: =IFERROR(VLOOKUP($B10,'V01'!$A$8:$Q$29,11,1),"") -> -0.99807083 | M10: =IFERROR(VLOOKUP($B10,'V01'!$A$8:$Q$29,12,1),"") -> -0.65002968 | N10: =IFERROR(VLOOKUP($B10,'V01'!$A$8:$Q$29,13,1),"") -> -0.30198852 | O10: =IFERROR(VLOOKUP($B10,'V01'!$A$8:$Q$29,14,1),"") -> 0.046052632 | P10: =IFERROR(VLOOKUP($B10,'V01'!$A$8:$Q$29,15,1),"") -> 0.39409379 | Q10: =IFERROR(VLOOKUP($B10,'V01'!$A$8:$Q$29,16,1),"") -> 0.74213494 | R10: =IFERROR(VLOOKUP($B10,'V01'!$A$8:$Q$29,17,1),"") -> 1.0901761
B11: =EDATE(B12,-1) -> 45139 | C11: =IFERROR(VLOOKUP($B11,'V01'!$A$9:$J$1048576,2,1),"") -> 5 | D11: =IFERROR(VLOOKUP($B11,'V01'!$A$8:$J$29,4,1),"") -> -3.4730071 | E11: =IFERROR(VLOOKUP($B11,'V01'!$A$8:$J$29,5,1),"") -> -1.0083205 | F11: =IFERROR(VLOOKUP($B11,'V01'!$A$8:$J$29,6,1),"") -> 1.4563661 | G11: =IFERROR(VLOOKUP($B11,'V01'!$A$8:$J$29,7,1),"") -> 3.9210526 | H11: =IFERROR(VLOOKUP($B11,'V01'!$A$8:$J$29,8,1),"") -> 6.3857392 | I11: =IFERROR(VLOOKUP($B11,'V01'!$A$8:$J$29,9,1),"") -> 8.8504258 | J11: =IFERROR(VLOOKUP($B11,'V01'!$A$8:$J$29,10,1),"") -> 11.315112 | K11: =IFERROR(VLOOKUP($B11,'V01'!$A$9:$Q$1048576,3,1),"") -> 0.5 | L11: =IFERROR(VLOOKUP($B11,'V01'!$A$8:$Q$29,11,1),"") -> -0.99807083 | M11: =IFERROR(VLOOKUP($B11,'V01'!$A$8:$Q$29,12,1),"") -> -0.65002968 | N11: =IFERROR(VLOOKUP($B11,'V01'!$A$8:$Q$29,13,1),"") -> -0.30198852 | O11: =IFERROR(VLOOKUP($B11,'V01'!$A$8:$Q$29,14,1),"") -> 0.046052632 | P11: =IFERROR(VLOOKUP($B11,'V01'!$A$8:$Q$29,15,1),"") -> 0.39409379 | Q11: =IFERROR(VLOOKUP($B11,'V01'!$A$8:$Q$29,16,1),"") -> 0.74213494 | R11: =IFERROR(VLOOKUP($B11,'V01'!$A$8:$Q$29,17,1),"") -> 1.0901761
B12: =EDATE(B13,-1) -> 45170 | C12: =IFERROR(VLOOKUP($B12,'V01'!$A$9:$J$1048576,2,1),"") -> 5 | D12: =IFERROR(VLOOKUP($B12,'V01'!$A$8:$J$29,4,1),"") -> -3.4730071 | E12: =IFERROR(VLOOKUP($B12,'V01'!$A$8:$J$29,5,1),"") -> -1.0083205 | F12: =IFERROR(VLOOKUP($B12,'V01'!$A$8:$J$29,6,1),"") -> 1.4563661 | G12: =IFERROR(VLOOKUP($B12,'V01'!$A$8:$J$29,7,1),"") -> 3.9210526 | H12: =IFERROR(VLOOKUP($B12,'V01'!$A$8:$J$29,8,1),"") -> 6.3857392 | I12: =IFERROR(VLOOKUP($B12,'V01'!$A$8:$J$29,9,1),"") -> 8.8504258 | J12: =IFERROR(VLOOKUP($B12,'V01'!$A$8:$J$29,10,1),"") -> 11.315112 | K12: =IFERROR(VLOOKUP($B12,'V01'!$A$9:$Q$1048576,3,1),"") -> 0 | L12: =IFERROR(VLOOKUP($B12,'V01'!$A$8:$Q$29,11,1),"") -> -0.99807083 | M12: =IFERROR(VLOOKUP($B12,'V01'!$A$8:$Q$29,12,1),"") -> -0.65002968 | N12: =IFERROR(VLOOKUP($B12,'V01'!$A$8:$Q$29,13,1),"") -> -0.30198852 | O12: =IFERROR(VLOOKUP($B12,'V01'!$A$8:$Q$29,14,1),"") -> 0.046052632 | P12: =IFERROR(VLOOKUP($B12,'V01'!$A$8:$Q$29,15,1),"") -> 0.39409379 | Q12: =IFERROR(VLOOKUP($B12,'V01'!$A$8:$Q$29,16,1),"") -> 0.74213494 | R12: =IFERROR(VLOOKUP($B12,'V01'!$A$8:$Q$29,17,1),"") -> 1.0901761
B13: =EDATE(B14,-1) -> 45200 | C13: =IFERROR(VLOOKUP($B13,'V01'!$A$9:$J$1048576,2,1),"") -> 4 | D13: =IFERROR(VLOOKUP($B13,'V01'!$A$8:$J$29,4,1),"") -> -3.4730071 | E13: =IFERROR(VLOOKUP($B13,'V01'!$A$8:$J$29,5,1),"") -> -1.0083205 | F13: =IFERROR(VLOOKUP($B13,'V01'!$A$8:$J$29,6,1),"") -> 1.4563661 | G13: =IFERROR(VLOOKUP($B13,'V01'!$A$8:$J$29,7,1),"") -> 3.9210526 | H13: =IFERROR(VLOOKUP($B13,'V01'!$A$8:$J$29,8,1),"") -> 6.3857392 | I13: =IFERROR(VLOOKUP($B13,'V01'!$A$8:$J$29,9,1),"") -> 8.8504258 | J13: =IFERROR(VLOOKUP($B13,'V01'!$A$8:$J$29,10,1),"") -> 11.315112 | K13: =IFERROR(VLOOKUP($B13,'V01'!$A$9:$Q$1048576,3,1),"") -> -0.25 | L13: =IFERROR(VLOOKUP($B13,'V01'!$A$8:$Q$29,11,1),"") -> -0.99807083 | M13: =IFERROR(VLOOKUP($B13,'V01'!$A$8:$Q$29,12,1),"") -> -0.65002968 | N13: =IFERROR(VLOOKUP($B13,'V01'!$A$8:$Q$29,13,1),"") -> -0.30198852 | O13: =IFERROR(VLOOKUP($B13,'V01'!$A$8:$Q$29,14,1),"") -> 0.046052632 | P13: =IFERROR(VLOOKUP($B13,'V01'!$A$8:$Q$29,15,1),"") -> 0.39409379 | Q13: =IFERROR(VLOOKUP($B13,'V01'!$A$8:$Q$29,16,1),"") -> 0.74213494 | R13: =IFERROR(VLOOKUP($B13,'V01'!$A$8:$Q$29,17,1),"") -> 1.0901761
B14: =EDATE(B15,-1) -> 45231 | C14: =IFERROR(VLOOKUP($B14,'V01'!$A$9:$J$1048576,2,1),"") -> 2 | D14: =IFERROR(VLOOKUP($B14,'V01'!$A$8:$J$29,4,1),"") -> -3.4730071 | E14: =IFERROR(VLOOKUP($B14,'V01'!$A$8:$J$29,5,1),"") -> -1.0083205 | F14: =IFERROR(VLOOKUP($B14,'V01'!$A$8:$J$29,6,1),"") -> 1.4563661 | G14: =IFERROR(VLOOKUP($B14,'V01'!$A$8:$J$29,7,1),"") -> 3.9210526 | H14: =IFERROR(VLOOKUP($B14,'V01'!$A$8:$J$29,8,1),"") -> 6.3857392 | I14: =IFERROR(VLOOKUP($B14,'V01'!$A$8:$J$29,9,1),"") -> 8.8504258 | J14: =IFERROR(VLOOKUP($B14,'V01'!$A$8:$J$29,10,1),"") -> 11.315112 | K14: =IFERROR(VLOOKUP($B14,'V01'!$A$9:$Q$1048576,3,1),"") -> -0.5 | L14: =IFERROR(VLOOKUP($B14,'V01'!$A$8:$Q$29,11,1),"") -> -0.99807083 | M14: =IFERROR(VLOOKUP($B14,'V01'!$A$8:$Q$29,12,1),"") -> -0.65002968 | N14: =IFERROR(VLOOKUP($B14,'V01'!$A$8:$Q$29,13,1),"") -> -0.30198852 | O14: =IFERROR(VLOOKUP($B14,'V01'!$A$8:$Q$29,14,1),"") -> 0.046052632 | P14: =IFERROR(VLOOKUP($B14,'V01'!$A$8:$Q$29,15,1),"") -> 0.39409379 | Q14: =IFERROR(VLOOKUP($B14,'V01'!$A$8:$Q$29,16,1),"") -> 0.74213494 | R14: =IFERROR(VLOOKUP($B14,'V01'!$A$8:$Q$29,17,1),"") -> 1.0901761
B15: =EDATE(B16,-1) -> 45261 | C15: =IFERROR(VLOOKUP($B15,'V01'!$A$9:$J$1048576,2,1),"") -> 0 | D15: =IFERROR(VLOOKUP($B15,'V01'!$A$8:$J$29,4,1),"") -> -3.4730071 | E15: =IFERROR(VLOOKUP($B15,'V01'!$A$8:$J$29,5,1),"") -> -1.0083205 | F15: =IFERROR(VLOOKUP($B15,'V01'!$A$8:$J$29,6,1),"") -> 1.4563661 | G15: =IFERROR(VLOOKUP($B15,'V01'!$A$8:$J$29,7,1),"") -> 3.9210526 | H15: =IFERROR(VLOOKUP($B15,'V01'!$A$8:$J$29,8,1),"") -> 6.3857392 | I15: =IFERROR(VLOOKUP($B15,'V01'!$A$8:$J$29,9,1),"") -> 8.8504258 | J15: =IFERROR(VLOOKUP($B15,'V01'!$A$8:$J$29,10,1),"") -> 11.315112 | K15: =IFERROR(VLOOKUP($B15,'V01'!$A$9:$Q$1048576,3,1),"") -> -0.5 | L15: =IFERROR(VLOOKUP($B15,'V01'!$A$8:$Q$29,11,1),"") -> -0.99807083 | M15: =IFERROR(VLOOKUP($B15,'V01'!$A$8:$Q$29,12,1),"") -> -0.65002968 | N15: =IFERROR(VLOOKUP($B15,'V01'!$A$8:$Q$29,13,1),"") -> -0.30198852 | O15: =IFERROR(VLOOKUP($B15,'V01'!$A$8:$Q$29,14,1),"") -> 0.046052632 | P15: =IFERROR(VLOOKUP($B15,'V01'!$A$8:$Q$29,15,1),"") -> 0.39409379 | Q15: =IFERROR(VLOOKUP($B15,'V01'!$A$8:$Q$29,16,1),"") -> 0.74213494 | R15: =IFERROR(VLOOKUP($B15,'V01'!$A$8:$Q$29,17,1),"") -> 1.0901761
